timestamp;category;config;auroc;n_train;n_test_good;n_test_anomaly;time_s
2026-02-28T00:36:51.774251;bottle;uniform_R5;0.9984;209;20;63;95.7
2026-02-28T00:38:32.518619;bottle;cls_perimg_R5;1.0000;209;20;63;100.7
2026-02-28T00:52:53.392804;cable;uniform_R5;0.9721;224;58;92;101.0
2026-02-28T00:54:41.985325;cable;cls_perimg_R5;0.9651;224;58;92;108.6
2026-02-28T00:56:23.148574;capsule;uniform_R5;0.9621;219;23;109;93.4
2026-02-28T00:58:07.503053;capsule;cls_perimg_R5;0.9769;219;23;109;104.4
2026-02-28T01:00:12.785236;carpet;uniform_R5;0.9719;280;28;89;115.0
2026-02-28T01:02:03.108454;carpet;cls_perimg_R5;0.9920;280;28;89;110.3
2026-02-28T01:03:43.956530;grid;uniform_R5;0.9925;264;21;57;91.9
2026-02-28T01:05:24.759041;grid;cls_perimg_R5;0.9933;264;21;57;100.8
2026-02-28T01:07:17.402919;hazelnut;uniform_R5;0.9307;391;40;70;98.3
2026-02-28T01:09:07.173106;hazelnut;cls_perimg_R5;0.9704;391;40;70;109.8
2026-02-28T01:10:50.003340;leather;uniform_R5;1.0000;245;32;92;94.1
2026-02-28T01:21:50.944868;leather;cls_perimg_R5;0.9997;245;32;92;660.9
2026-02-28T01:51:12.455067;metal_nut;uniform_R5;0.9809;220;22;93;1742.5
2026-02-28T02:14:47.845462;metal_nut;cls_perimg_R5;0.9985;220;22;93;1415.4
2026-02-28T02:26:32.067593;pill;uniform_R5;0.9831;267;26;141;679.7
2026-02-28T02:37:32.648447;pill;cls_perimg_R5;0.9918;267;26;141;660.6
2026-02-28T02:49:50.163378;screw;uniform_R5;0.8424;320;41;119;711.5
2026-02-28T03:01:09.105258;screw;cls_perimg_R5;0.9221;320;41;119;678.9
2026-02-28T03:13:28.719409;tile;uniform_R5;1.0000;230;33;84;719.9
2026-02-28T03:24:48.600714;tile;cls_perimg_R5;0.9993;230;33;84;679.9
2026-02-28T03:35:02.682471;toothbrush;uniform_R5;0.9694;60;12;30;603.6
2026-02-28T03:43:29.125623;toothbrush;cls_perimg_R5;0.9667;60;12;30;392.2
2026-02-28T03:51:53.930177;transistor;uniform_R5;0.9900;213;60;40;486.7
2026-02-28T04:02:14.799072;transistor;cls_perimg_R5;0.9942;213;60;40;620.9
2026-02-28T04:11:09.493250;wood;uniform_R5;0.8719;247;19;60;513.6
2026-02-28T04:22:08.051801;wood;cls_perimg_R5;0.9930;247;19;60;658.6
2026-02-28T04:30:58.103752;zipper;uniform_R5;0.9979;240;32;119;510.4
2026-02-28T04:42:43.808504;zipper;cls_perimg_R5;0.9984;240;32;119;705.7
