timestamp;category;config;seed;auroc_combined;auroc_logical;auroc_structural;n_train;n_train_total;n_test_good;n_test_logical;n_test_structural;inference_time_s
2026-02-27T03:33:28.236425;breakfast_box;N1;0;0.5000;0.5000;0.5000;1;351;102;83;90;53.4
2026-02-27T03:34:51.909274;breakfast_box;N2;0;0.4679;0.5509;0.3913;2;351;102;83;90;83.7
2026-02-27T03:35:59.469040;breakfast_box;N5;0;0.5265;0.5423;0.5120;5;351;102;83;90;67.6
2026-02-27T03:37:10.730453;breakfast_box;N10;0;0.6824;0.7477;0.6221;10;351;102;83;90;71.3
2026-02-27T03:38:23.599396;breakfast_box;N20;0;0.7359;0.8417;0.6382;20;351;102;83;90;72.9
2026-02-27T03:39:38.368853;breakfast_box;N50;0;0.7907;0.8953;0.6941;50;351;102;83;90;74.8
2026-02-27T03:41:18.605794;breakfast_box;Nall;0;0.8303;0.8953;0.7704;351;351;102;83;90;100.2
2026-02-27T03:42:13.316449;breakfast_box;N1;1;0.5000;0.5000;0.5000;1;351;102;83;90;54.7
2026-02-27T03:43:35.981454;breakfast_box;N2;1;0.5330;0.6165;0.4560;2;351;102;83;90;82.7
2026-02-27T03:44:43.716827;breakfast_box;N5;1;0.4872;0.5598;0.4203;5;351;102;83;90;67.7
2026-02-27T03:45:54.786641;breakfast_box;N10;1;0.5934;0.7036;0.4917;10;351;102;83;90;71.1
2026-02-27T03:47:06.764468;breakfast_box;N20;1;0.7205;0.8461;0.6047;20;351;102;83;90;72.0
2026-02-27T03:48:20.704872;breakfast_box;N50;1;0.7847;0.9044;0.6743;50;351;102;83;90;73.9
2026-02-27T03:50:00.018847;breakfast_box;Nall;1;0.8303;0.8953;0.7704;351;351;102;83;90;99.3
2026-02-27T03:50:51.553645;breakfast_box;N1;2;0.5000;0.5000;0.5000;1;351;102;83;90;51.5
2026-02-27T03:52:14.407580;breakfast_box;N2;2;0.6758;0.7641;0.5943;2;351;102;83;90;82.9
2026-02-27T03:53:22.083088;breakfast_box;N5;2;0.5632;0.5911;0.5376;5;351;102;83;90;67.7
2026-02-27T03:54:32.764319;breakfast_box;N10;2;0.6810;0.7809;0.5889;10;351;102;83;90;70.7
2026-02-27T03:55:43.874548;breakfast_box;N20;2;0.7661;0.9037;0.6391;20;351;102;83;90;71.1
2026-02-27T03:56:58.772088;breakfast_box;N50;2;0.7893;0.8995;0.6877;50;351;102;83;90;74.9
2026-02-27T03:58:39.490445;breakfast_box;Nall;2;0.8303;0.8953;0.7704;351;351;102;83;90;100.7
2026-02-27T03:59:34.158786;juice_bottle;N1;0;0.5000;0.5000;0.5000;1;335;94;142;94;54.1
2026-02-27T04:00:56.741927;juice_bottle;N2;0;0.5535;0.5760;0.5196;2;335;94;142;94;82.6
2026-02-27T04:02:04.045067;juice_bottle;N5;0;0.7088;0.7958;0.5772;5;335;94;142;94;67.3
2026-02-27T04:03:17.063695;juice_bottle;N10;0;0.7357;0.8129;0.6191;10;335;94;142;94;73.0
2026-02-27T04:04:52.175731;juice_bottle;N20;0;0.7761;0.8517;0.6617;20;335;94;142;94;95.1
2026-02-27T04:06:18.594654;juice_bottle;N50;0;0.8172;0.8825;0.7185;50;335;94;142;94;86.4
2026-02-27T04:08:02.112902;juice_bottle;Nall;0;0.9506;0.9583;0.9390;335;335;94;142;94;103.5
2026-02-27T04:09:08.064166;juice_bottle;N1;1;0.5000;0.5000;0.5000;1;335;94;142;94;66.0
2026-02-27T04:10:34.591878;juice_bottle;N2;1;0.5456;0.5644;0.5173;2;335;94;142;94;86.5
2026-02-27T04:11:42.551816;juice_bottle;N5;1;0.6434;0.6946;0.5661;5;335;94;142;94;68.0
2026-02-27T04:12:55.299687;juice_bottle;N10;1;0.7508;0.8291;0.6325;10;335;94;142;94;72.7
2026-02-27T04:14:11.215206;juice_bottle;N20;1;0.7743;0.8476;0.6635;20;335;94;142;94;75.9
2026-02-27T04:15:27.083293;juice_bottle;N50;1;0.8407;0.8905;0.7655;50;335;94;142;94;75.9
2026-02-27T04:17:06.312617;juice_bottle;Nall;1;0.9506;0.9583;0.9390;335;335;94;142;94;99.2
2026-02-27T04:17:58.608511;juice_bottle;N1;2;0.5000;0.5000;0.5000;1;335;94;142;94;52.3
2026-02-27T04:19:20.801992;juice_bottle;N2;2;0.5554;0.5962;0.4938;2;335;94;142;94;82.2
2026-02-27T04:20:29.070591;juice_bottle;N5;2;0.6341;0.6954;0.5415;5;335;94;142;94;68.3
2026-02-27T04:21:41.390191;juice_bottle;N10;2;0.7203;0.7981;0.6029;10;335;94;142;94;72.3
2026-02-27T04:22:55.473632;juice_bottle;N20;2;0.7658;0.8427;0.6495;20;335;94;142;94;74.1
2026-02-27T04:24:09.889130;juice_bottle;N50;2;0.8192;0.8872;0.7165;50;335;94;142;94;74.4
2026-02-27T04:25:54.438887;juice_bottle;Nall;2;0.9506;0.9583;0.9390;335;335;94;142;94;104.5
2026-02-27T04:26:49.568720;pushpins;N1;0;0.5000;0.5000;0.5000;1;372;138;91;81;54.5
2026-02-27T04:28:11.926679;pushpins;N2;0;0.5356;0.4949;0.5813;2;372;138;91;81;82.4
2026-02-27T04:29:19.715705;pushpins;N5;0;0.5295;0.4726;0.5935;5;372;138;91;81;67.8
2026-02-27T04:30:31.903284;pushpins;N10;0;0.5683;0.5190;0.6238;10;372;138;91;81;72.2
2026-02-27T04:31:44.144891;pushpins;N20;0;0.5587;0.4966;0.6286;20;372;138;91;81;72.2
2026-02-27T04:32:59.163955;pushpins;N50;0;0.5974;0.5374;0.6649;50;372;138;91;81;75.0
2026-02-27T04:34:42.341494;pushpins;Nall;0;0.7010;0.6812;0.7233;372;372;138;91;81;103.2
2026-02-27T04:35:35.203763;pushpins;N1;1;0.5000;0.5000;0.5000;1;372;138;91;81;52.9
2026-02-27T04:36:57.849704;pushpins;N2;1;0.5839;0.6032;0.5622;2;372;138;91;81;82.6
2026-02-27T04:38:04.388869;pushpins;N5;1;0.4728;0.3809;0.5761;5;372;138;91;81;66.5
2026-02-27T04:39:17.006342;pushpins;N10;1;0.5006;0.4247;0.5859;10;372;138;91;81;72.6
2026-02-27T04:40:28.587377;pushpins;N20;1;0.5673;0.4861;0.6585;20;372;138;91;81;71.6
2026-02-27T04:41:43.948558;pushpins;N50;1;0.6175;0.5364;0.7085;50;372;138;91;81;75.4
2026-02-27T04:43:24.083815;pushpins;Nall;1;0.7010;0.6812;0.7233;372;372;138;91;81;100.1
2026-02-27T04:44:18.822458;pushpins;N1;2;0.5000;0.5000;0.5000;1;372;138;91;81;54.7
2026-02-27T04:45:42.324457;pushpins;N2;2;0.4786;0.4422;0.5195;2;372;138;91;81;83.5
2026-02-27T04:46:47.919204;pushpins;N5;2;0.4610;0.3570;0.5779;5;372;138;91;81;65.6
2026-02-27T04:48:02.246060;pushpins;N10;2;0.4948;0.3927;0.6096;10;372;138;91;81;74.3
2026-02-27T04:49:15.059706;pushpins;N20;2;0.5415;0.4665;0.6257;20;372;138;91;81;72.8
2026-02-27T04:50:30.861676;pushpins;N50;2;0.5670;0.5049;0.6369;50;372;138;91;81;75.8
2026-02-27T04:52:12.599122;pushpins;Nall;2;0.7010;0.6812;0.7233;372;372;138;91;81;101.7
2026-02-27T04:53:11.218430;screw_bag;N1;0;0.5000;0.5000;0.5000;1;360;122;137;82;57.9
2026-02-27T04:54:33.804132;screw_bag;N2;0;0.5217;0.4922;0.5710;2;360;122;137;82;82.6
2026-02-27T04:55:40.625379;screw_bag;N5;0;0.5548;0.5843;0.5056;5;360;122;137;82;66.8
2026-02-27T04:56:54.451367;screw_bag;N10;0;0.5688;0.5599;0.5835;10;360;122;137;82;73.8
2026-02-27T04:58:09.236778;screw_bag;N20;0;0.6155;0.5925;0.6538;20;360;122;137;82;74.8
2026-02-27T04:59:27.121238;screw_bag;N50;0;0.6199;0.5613;0.7177;50;360;122;137;82;77.9
2026-02-27T05:01:05.514483;screw_bag;Nall;0;0.7382;0.6784;0.8381;360;360;122;137;82;98.4
2026-02-27T05:01:58.774004;screw_bag;N1;1;0.5000;0.5000;0.5000;1;360;122;137;82;53.3
2026-02-27T05:03:23.023086;screw_bag;N2;1;0.5592;0.5667;0.5468;2;360;122;137;82;84.2
2026-02-27T05:04:31.195665;screw_bag;N5;1;0.5579;0.4999;0.6547;5;360;122;137;82;68.2
2026-02-27T05:05:42.855801;screw_bag;N10;1;0.5888;0.5339;0.6806;10;360;122;137;82;71.7
2026-02-27T05:06:56.275926;screw_bag;N20;1;0.6037;0.5483;0.6962;20;360;122;137;82;73.4
2026-02-27T05:08:10.071618;screw_bag;N50;1;0.6612;0.5905;0.7793;50;360;122;137;82;73.8
2026-02-27T05:09:42.261285;screw_bag;Nall;1;0.7382;0.6784;0.8381;360;360;122;137;82;92.2
2026-02-27T05:10:35.070237;screw_bag;N1;2;0.5000;0.5000;0.5000;1;360;122;137;82;52.8
2026-02-27T05:11:58.700243;screw_bag;N2;2;0.4731;0.4687;0.4803;2;360;122;137;82;83.6
2026-02-27T05:13:06.810493;screw_bag;N5;2;0.5232;0.5075;0.5494;5;360;122;137;82;68.1
2026-02-27T05:14:25.218720;screw_bag;N10;2;0.5606;0.5245;0.6210;10;360;122;137;82;78.4
2026-02-27T05:15:38.036206;screw_bag;N20;2;0.6076;0.5594;0.6880;20;360;122;137;82;72.8
2026-02-27T05:16:52.830042;screw_bag;N50;2;0.6319;0.5631;0.7469;50;360;122;137;82;74.8
2026-02-27T05:18:28.006084;screw_bag;Nall;2;0.7382;0.6784;0.8381;360;360;122;137;82;95.2
2026-02-27T05:19:20.311602;splicing_connectors;N1;0;0.5000;0.5000;0.5000;1;360;119;108;85;51.6
2026-02-27T05:20:42.892096;splicing_connectors;N2;0;0.5551;0.5921;0.5082;2;360;119;108;85;82.6
2026-02-27T05:21:47.120385;splicing_connectors;N5;0;0.5423;0.5632;0.5158;5;360;119;108;85;64.2
2026-02-27T05:22:57.958189;splicing_connectors;N10;0;0.5982;0.6183;0.5728;10;360;119;108;85;70.8
2026-02-27T05:24:10.064562;splicing_connectors;N20;0;0.6378;0.6555;0.6154;20;360;119;108;85;72.1
2026-02-27T05:25:27.895719;splicing_connectors;N50;0;0.6679;0.7085;0.6163;50;360;119;108;85;77.8
2026-02-27T05:27:08.066448;splicing_connectors;Nall;0;0.7958;0.8207;0.7641;360;360;119;108;85;100.2
2026-02-27T05:28:00.260336;splicing_connectors;N1;1;0.5000;0.5000;0.5000;1;360;119;108;85;52.2
2026-02-27T05:29:23.284149;splicing_connectors;N2;1;0.5664;0.6229;0.4946;2;360;119;108;85;83.0
2026-02-27T05:30:29.358183;splicing_connectors;N5;1;0.5592;0.5727;0.5420;5;360;119;108;85;66.1
2026-02-27T05:31:41.035367;splicing_connectors;N10;1;0.6000;0.6160;0.5796;10;360;119;108;85;71.7
2026-02-27T05:32:52.859299;splicing_connectors;N20;1;0.6282;0.6573;0.5912;20;360;119;108;85;71.8
2026-02-27T05:34:06.571975;splicing_connectors;N50;1;0.6565;0.6972;0.6048;50;360;119;108;85;73.7
2026-02-27T05:35:46.916786;splicing_connectors;Nall;1;0.7958;0.8207;0.7641;360;360;119;108;85;100.3
2026-02-27T05:36:40.792784;splicing_connectors;N1;2;0.5000;0.5000;0.5000;1;360;119;108;85;53.9
2026-02-27T05:38:02.524325;splicing_connectors;N2;2;0.5287;0.5533;0.4974;2;360;119;108;85;81.7
2026-02-27T05:39:08.767001;splicing_connectors;N5;2;0.5366;0.5498;0.5197;5;360;119;108;85;66.2
2026-02-27T05:40:20.175097;splicing_connectors;N10;2;0.5757;0.5959;0.5500;10;360;119;108;85;71.4
2026-02-27T05:41:37.543464;splicing_connectors;N20;2;0.6032;0.6350;0.5627;20;360;119;108;85;77.4
2026-02-27T05:42:51.880510;splicing_connectors;N50;2;0.6686;0.6982;0.6309;50;360;119;108;85;74.3
2026-02-27T05:44:31.318527;splicing_connectors;Nall;2;0.7958;0.8207;0.7641;360;360;119;108;85;99.4
