timestamp;dataset;category;method;auroc_combined;auroc_logical;auroc_structural;n_train;n_test_good;n_test_anomaly;time_s
2026-03-02T10:08:56.485007;LOCO;breakfast_box;patchcore;0.7859;0.8674;0.7108;351;102;173;128.6
2026-03-02T10:09:44.617034;LOCO;breakfast_box;padim;0.7475;0.7857;0.7122;351;102;173;48.1
2026-03-02T10:10:42.912306;LOCO;breakfast_box;meansub;0.7582;0.7942;0.7249;351;102;173;58.3
2026-03-02T10:14:50.024726;LOCO;breakfast_box;pcreg;0.8303;0.8953;0.7704;351;102;173;247.1
2026-03-02T10:18:12.013587;LOCO;juice_bottle;patchcore;0.9074;0.9070;0.9079;335;94;236;182.5
2026-03-02T10:19:01.991456;LOCO;juice_bottle;padim;0.8501;0.8818;0.8022;335;94;236;50.0
2026-03-02T10:19:55.493405;LOCO;juice_bottle;meansub;0.8546;0.8875;0.8048;335;94;236;53.5
2026-03-02T10:21:57.481093;LOCO;juice_bottle;pcreg;0.9506;0.9583;0.9390;335;94;236;122.0
2026-03-02T10:25:25.043316;LOCO;pushpins;patchcore;0.6309;0.6009;0.6645;372;138;172;190.5
2026-03-02T10:27:54.662350;LOCO;pushpins;padim;0.6322;0.5567;0.7169;372;138;172;149.6
2026-03-02T10:30:05.527480;LOCO;pushpins;meansub;0.6331;0.5580;0.7175;372;138;172;130.8
2026-03-02T10:42:31.007794;LOCO;pushpins;pcreg;0.7010;0.6812;0.7232;372;138;172;745.5
2026-03-02T10:45:20.642136;LOCO;screw_bag;patchcore;0.6008;0.5033;0.7636;360;122;219;154.6
2026-03-02T10:46:02.361058;LOCO;screw_bag;padim;0.7493;0.6933;0.8430;360;122;219;41.7
2026-03-02T10:46:48.834561;LOCO;screw_bag;meansub;0.7481;0.6935;0.8395;360;122;219;46.5
2026-03-02T10:48:50.713452;LOCO;screw_bag;pcreg;0.7382;0.6784;0.8381;360;122;219;121.9
2026-03-02T10:51:26.392036;LOCO;splicing_connectors;patchcore;0.8452;0.8433;0.8476;360;119;193;141.1
2026-03-02T10:52:08.335879;LOCO;splicing_connectors;padim;0.6997;0.7298;0.6613;360;119;193;41.9
2026-03-02T10:52:54.975813;LOCO;splicing_connectors;meansub;0.6908;0.7162;0.6586;360;119;193;46.6
2026-03-02T10:54:48.838577;LOCO;splicing_connectors;pcreg;0.7958;0.8207;0.7641;360;119;193;113.9
2026-03-02T10:55:17.658311;MVTec_AD;bottle;patchcore;0.9937;-1.0000;-1.0000;209;20;63;21.4
2026-03-02T10:55:49.481026;MVTec_AD;bottle;padim;0.9960;-1.0000;-1.0000;209;20;63;31.8
2026-03-02T10:56:22.087913;MVTec_AD;bottle;meansub;0.9929;-1.0000;-1.0000;209;20;63;32.6
2026-03-02T10:58:40.040163;MVTec_AD;bottle;pcreg;0.9984;-1.0000;-1.0000;209;20;63;137.9
2026-03-02T10:59:32.438296;MVTec_AD;cable;patchcore;0.9779;-1.0000;-1.0000;224;58;92;43.2
2026-03-02T11:00:14.755478;MVTec_AD;cable;padim;0.9029;-1.0000;-1.0000;224;58;92;42.3
2026-03-02T11:00:53.483493;MVTec_AD;cable;meansub;0.8936;-1.0000;-1.0000;224;58;92;38.7
2026-03-02T11:02:28.025351;MVTec_AD;cable;pcreg;0.9721;-1.0000;-1.0000;224;58;92;94.5
2026-03-02T11:03:13.148650;MVTec_AD;capsule;patchcore;0.9382;-1.0000;-1.0000;219;23;109;36.9
2026-03-02T11:03:47.425996;MVTec_AD;capsule;padim;0.9254;-1.0000;-1.0000;219;23;109;34.3
2026-03-02T11:04:23.413956;MVTec_AD;capsule;meansub;0.9270;-1.0000;-1.0000;219;23;109;36.0
2026-03-02T11:06:07.399959;MVTec_AD;capsule;pcreg;0.9617;-1.0000;-1.0000;219;23;109;104.0
2026-03-02T11:07:00.067352;MVTec_AD;carpet;patchcore;0.9639;-1.0000;-1.0000;280;28;89;40.9
2026-03-02T11:07:34.503168;MVTec_AD;carpet;padim;0.9675;-1.0000;-1.0000;280;28;89;34.4
2026-03-02T11:08:12.149189;MVTec_AD;carpet;meansub;0.9611;-1.0000;-1.0000;280;28;89;37.6
2026-03-02T11:09:51.190278;MVTec_AD;carpet;pcreg;0.9719;-1.0000;-1.0000;280;28;89;99.0
2026-03-02T11:10:26.401342;MVTec_AD;grid;patchcore;0.9666;-1.0000;-1.0000;264;21;57;25.5
2026-03-02T11:11:04.415282;MVTec_AD;grid;padim;0.9657;-1.0000;-1.0000;264;21;57;38.0
2026-03-02T11:11:44.600987;MVTec_AD;grid;meansub;0.9524;-1.0000;-1.0000;264;21;57;40.2
2026-03-02T11:13:26.865210;MVTec_AD;grid;pcreg;0.9925;-1.0000;-1.0000;264;21;57;102.3
2026-03-02T11:14:36.530979;MVTec_AD;hazelnut;patchcore;0.9014;-1.0000;-1.0000;391;40;70;54.3
2026-03-02T11:17:36.995581;MVTec_AD;hazelnut;padim;0.8514;-1.0000;-1.0000;391;40;70;180.5
2026-03-02T11:18:15.778588;MVTec_AD;hazelnut;meansub;0.8479;-1.0000;-1.0000;391;40;70;38.8
2026-03-02T11:19:44.188535;MVTec_AD;hazelnut;pcreg;0.9307;-1.0000;-1.0000;391;40;70;88.4
2026-03-02T11:20:28.778509;MVTec_AD;leather;patchcore;0.9973;-1.0000;-1.0000;245;32;92;35.8
2026-03-02T11:21:00.860160;MVTec_AD;leather;padim;0.9986;-1.0000;-1.0000;245;32;92;32.1
2026-03-02T11:21:36.137028;MVTec_AD;leather;meansub;0.9990;-1.0000;-1.0000;245;32;92;35.3
2026-03-02T11:22:50.142953;MVTec_AD;leather;pcreg;1.0000;-1.0000;-1.0000;245;32;92;74.0
2026-03-02T11:23:27.619372;MVTec_AD;metal_nut;patchcore;0.9140;-1.0000;-1.0000;220;22;93;29.7
2026-03-02T11:23:58.149213;MVTec_AD;metal_nut;padim;0.9736;-1.0000;-1.0000;220;22;93;30.5
2026-03-02T11:24:31.277028;MVTec_AD;metal_nut;meansub;0.9717;-1.0000;-1.0000;220;22;93;33.1
2026-03-02T11:25:43.276147;MVTec_AD;metal_nut;pcreg;0.9809;-1.0000;-1.0000;220;22;93;72.0
2026-03-02T11:26:45.278696;MVTec_AD;pill;patchcore;0.9405;-1.0000;-1.0000;267;26;141;52.7
2026-03-02T11:27:18.687731;MVTec_AD;pill;padim;0.9692;-1.0000;-1.0000;267;26;141;33.4
2026-03-02T11:27:55.620677;MVTec_AD;pill;meansub;0.9607;-1.0000;-1.0000;267;26;141;36.9
2026-03-02T11:29:11.025425;MVTec_AD;pill;pcreg;0.9831;-1.0000;-1.0000;267;26;141;75.4
2026-03-02T11:30:21.335731;MVTec_AD;screw;patchcore;0.9026;-1.0000;-1.0000;320;41;119;59.7
2026-03-02T11:30:54.364280;MVTec_AD;screw;padim;0.7684;-1.0000;-1.0000;320;41;119;33.0
2026-03-02T11:31:31.368175;MVTec_AD;screw;meansub;0.7397;-1.0000;-1.0000;320;41;119;37.0
2026-03-02T11:32:55.617043;MVTec_AD;screw;pcreg;0.8428;-1.0000;-1.0000;320;41;119;84.2
2026-03-02T11:33:36.071126;MVTec_AD;tile;patchcore;1.0000;-1.0000;-1.0000;230;33;84;32.3
2026-03-02T11:34:06.870006;MVTec_AD;tile;padim;1.0000;-1.0000;-1.0000;230;33;84;30.8
2026-03-02T11:34:40.227670;MVTec_AD;tile;meansub;1.0000;-1.0000;-1.0000;230;33;84;33.4
2026-03-02T11:35:52.303343;MVTec_AD;tile;pcreg;1.0000;-1.0000;-1.0000;230;33;84;72.1
2026-03-02T11:35:58.369560;MVTec_AD;toothbrush;patchcore;0.9556;-1.0000;-1.0000;60;12;30;3.4
2026-03-02T11:36:22.947575;MVTec_AD;toothbrush;padim;0.9472;-1.0000;-1.0000;60;12;30;24.6
2026-03-02T11:36:48.285596;MVTec_AD;toothbrush;meansub;0.9444;-1.0000;-1.0000;60;12;30;25.3
2026-03-02T11:37:52.631510;MVTec_AD;toothbrush;pcreg;0.9694;-1.0000;-1.0000;60;12;30;64.3
2026-03-02T11:38:24.604544;MVTec_AD;transistor;patchcore;0.9662;-1.0000;-1.0000;213;60;40;25.0
2026-03-02T11:38:54.109087;MVTec_AD;transistor;padim;0.9542;-1.0000;-1.0000;213;60;40;29.5
2026-03-02T11:39:25.693117;MVTec_AD;transistor;meansub;0.9525;-1.0000;-1.0000;213;60;40;31.6
2026-03-02T11:40:38.798711;MVTec_AD;transistor;pcreg;0.9900;-1.0000;-1.0000;213;60;40;73.1
2026-03-02T11:41:10.568102;MVTec_AD;wood;patchcore;0.9114;-1.0000;-1.0000;247;19;60;23.0
2026-03-02T11:41:40.918698;MVTec_AD;wood;padim;0.8825;-1.0000;-1.0000;247;19;60;30.3
2026-03-02T11:42:14.690874;MVTec_AD;wood;meansub;0.9035;-1.0000;-1.0000;247;19;60;33.8
2026-03-02T11:43:29.620974;MVTec_AD;wood;pcreg;0.8719;-1.0000;-1.0000;247;19;60;74.9
2026-03-02T11:44:20.730804;MVTec_AD;zipper;patchcore;0.9926;-1.0000;-1.0000;240;32;119;42.2
2026-03-02T11:44:52.559896;MVTec_AD;zipper;padim;0.9979;-1.0000;-1.0000;240;32;119;31.8
2026-03-02T11:45:27.477456;MVTec_AD;zipper;meansub;0.9968;-1.0000;-1.0000;240;32;119;34.9
2026-03-02T11:46:46.029442;MVTec_AD;zipper;pcreg;0.9979;-1.0000;-1.0000;240;32;119;78.6
2026-03-02T11:50:55.706459;VisA;candle;patchcore;0.9549;-1.0000;-1.0000;900;100;100;215.6
2026-03-02T11:51:33.574743;VisA;candle;padim;0.9303;-1.0000;-1.0000;900;100;100;37.9
2026-03-02T11:52:19.845696;VisA;candle;meansub;0.9289;-1.0000;-1.0000;900;100;100;46.3
2026-03-02T11:53:55.328886;VisA;candle;pcreg;0.9367;-1.0000;-1.0000;900;100;100;95.5
2026-03-02T11:57:05.743804;VisA;capsules;patchcore;0.8418;-1.0000;-1.0000;542;60;100;172.5
2026-03-02T12:42:56.431746;VisA;capsules;padim;0.7360;-1.0000;-1.0000;542;60;100;471.3
2026-03-02T12:45:04.375370;VisA;capsules;meansub;0.7382;-1.0000;-1.0000;542;60;100;127.9
2026-03-02T13:01:19.759486;VisA;capsules;pcreg;0.7770;-1.0000;-1.0000;542;60;100;975.4
2026-03-02T13:07:30.484566;VisA;cashew;patchcore;0.9616;-1.0000;-1.0000;450;50;100;335.2
2026-03-02T13:39:11.375939;VisA;cashew;padim;0.9464;-1.0000;-1.0000;450;50;100;1900.9
2026-03-02T13:40:30.279498;VisA;cashew;meansub;0.9422;-1.0000;-1.0000;450;50;100;78.9
2026-03-02T13:56:47.334393;VisA;cashew;pcreg;0.9658;-1.0000;-1.0000;450;50;100;108.3
2026-03-02T13:58:17.136913;VisA;chewinggum;patchcore;0.9534;-1.0000;-1.0000;453;50;100;76.2
2026-03-02T13:58:51.742190;VisA;chewinggum;padim;0.9562;-1.0000;-1.0000;453;50;100;34.6
2026-03-02T13:59:31.439296;VisA;chewinggum;meansub;0.9574;-1.0000;-1.0000;453;50;100;39.7
2026-03-02T14:00:57.940807;VisA;chewinggum;pcreg;0.9770;-1.0000;-1.0000;453;50;100;86.5
2026-03-02T14:02:26.374947;VisA;fryum;patchcore;0.9052;-1.0000;-1.0000;450;50;100;74.6
2026-03-02T14:03:00.191237;VisA;fryum;padim;0.8390;-1.0000;-1.0000;450;50;100;33.8
2026-03-02T14:03:37.655721;VisA;fryum;meansub;0.8354;-1.0000;-1.0000;450;50;100;37.5
2026-03-02T14:04:53.620317;VisA;fryum;pcreg;0.8852;-1.0000;-1.0000;450;50;100;76.0
2026-03-02T14:08:41.702391;VisA;macaroni1;patchcore;0.7398;-1.0000;-1.0000;900;100;100;200.4
2026-03-02T14:09:19.539840;VisA;macaroni1;padim;0.7611;-1.0000;-1.0000;900;100;100;37.8
2026-03-02T14:10:05.476142;VisA;macaroni1;meansub;0.7627;-1.0000;-1.0000;900;100;100;45.9
2026-03-02T14:11:35.362702;VisA;macaroni1;pcreg;0.7684;-1.0000;-1.0000;900;100;100;89.9
2026-03-02T14:15:23.219155;VisA;macaroni2;patchcore;0.5719;-1.0000;-1.0000;900;100;100;200.3
2026-03-02T14:16:00.831783;VisA;macaroni2;padim;0.6914;-1.0000;-1.0000;900;100;100;37.6
2026-03-02T14:16:45.640406;VisA;macaroni2;meansub;0.6935;-1.0000;-1.0000;900;100;100;44.8
2026-03-02T14:18:14.339833;VisA;macaroni2;pcreg;0.6908;-1.0000;-1.0000;900;100;100;88.7
2026-03-02T14:22:08.145622;VisA;pcb1;patchcore;0.9675;-1.0000;-1.0000;904;100;100;206.4
2026-03-02T14:22:45.715356;VisA;pcb1;padim;0.8984;-1.0000;-1.0000;904;100;100;37.6
2026-03-02T14:23:30.710110;VisA;pcb1;meansub;0.8984;-1.0000;-1.0000;904;100;100;45.0
2026-03-02T14:24:59.546865;VisA;pcb1;pcreg;0.9121;-1.0000;-1.0000;904;100;100;88.8
2026-03-02T14:28:46.826970;VisA;pcb2;patchcore;0.8490;-1.0000;-1.0000;901;100;100;200.0
2026-03-02T14:29:24.549592;VisA;pcb2;padim;0.7930;-1.0000;-1.0000;901;100;100;37.7
2026-03-02T14:30:10.793782;VisA;pcb2;meansub;0.7947;-1.0000;-1.0000;901;100;100;46.2
2026-03-02T14:31:41.929841;VisA;pcb2;pcreg;0.8112;-1.0000;-1.0000;901;100;100;91.1
2026-03-02T14:35:30.816939;VisA;pcb3;patchcore;0.8819;-1.0000;-1.0000;905;101;100;201.3
2026-03-02T14:36:08.706014;VisA;pcb3;padim;0.8408;-1.0000;-1.0000;905;101;100;37.9
2026-03-02T14:36:53.569905;VisA;pcb3;meansub;0.8375;-1.0000;-1.0000;905;101;100;44.9
2026-03-02T14:38:23.309313;VisA;pcb3;pcreg;0.8438;-1.0000;-1.0000;905;101;100;89.7
2026-03-02T14:42:14.455894;VisA;pcb4;patchcore;0.9935;-1.0000;-1.0000;904;101;100;203.3
2026-03-02T14:42:52.180254;VisA;pcb4;padim;0.9341;-1.0000;-1.0000;904;101;100;37.7
2026-03-02T14:43:37.194548;VisA;pcb4;meansub;0.9368;-1.0000;-1.0000;904;101;100;45.0
2026-03-02T14:45:06.860298;VisA;pcb4;pcreg;0.9414;-1.0000;-1.0000;904;101;100;89.7
2026-03-02T14:46:42.996356;VisA;pipe_fryum;patchcore;0.7652;-1.0000;-1.0000;450;50;100;80.8
2026-03-02T14:47:19.696378;VisA;pipe_fryum;padim;0.7482;-1.0000;-1.0000;450;50;100;36.7
2026-03-02T14:48:00.000131;VisA;pipe_fryum;meansub;0.7442;-1.0000;-1.0000;450;50;100;40.3
2026-03-02T14:49:45.408488;VisA;pipe_fryum;pcreg;0.8214;-1.0000;-1.0000;450;50;100;105.4
