timestamp;category;config;seed;auroc_combined;auroc_logical;auroc_structural;n_train;n_test_good;n_test_logical;n_test_structural;time_s
2026-02-27T16:21:51.393228;breakfast_box;uniform_R5;0;0.8303;0.8951;0.7705;351;102;83;90;582.7
2026-02-27T16:36:12.661775;breakfast_box;attn_perimg_R5;0;0.7897;0.8056;0.7751;351;102;83;90;861.3
2026-02-27T16:38:40.853936;breakfast_box;attn_train_avg_R5;0;0.8453;0.9011;0.7939;351;102;83;90;148.2
2026-02-27T16:52:18.054521;breakfast_box;cls_perimg_R5;0;0.8727;0.8909;0.8560;351;102;83;90;817.2
2026-02-27T17:13:30.855084;breakfast_box;cls_train_avg_R5;0;0.8396;0.9093;0.7753;351;102;83;90;1272.8
2026-02-27T17:37:04.107951;breakfast_box;attn_perimg_R3;0;0.7835;0.7836;0.7834;351;102;83;90;1413.3
2026-02-27T17:56:18.813404;breakfast_box;attn_perimg_R7;0;0.7890;0.8095;0.7700;351;102;83;90;1154.7
2026-02-27T18:19:37.305511;juice_bottle;uniform_R5;0;0.9505;0.9583;0.9388;335;94;142;94;1367.4
2026-02-27T18:38:51.327175;juice_bottle;attn_perimg_R5;0;0.9136;0.9089;0.9207;335;94;142;94;1154.0
2026-02-27T19:01:08.853498;juice_bottle;attn_train_avg_R5;0;0.9365;0.9360;0.9372;335;94;142;94;1337.5
2026-02-27T19:22:33.921766;juice_bottle;cls_perimg_R5;0;0.9550;0.9443;0.9710;335;94;142;94;1285.1
2026-02-27T19:38:15.848013;juice_bottle;cls_train_avg_R5;0;0.9562;0.9628;0.9464;335;94;142;94;941.9
2026-02-27T19:40:38.461656;juice_bottle;attn_perimg_R3;0;0.9105;0.9037;0.9208;335;94;142;94;142.6
2026-02-27T19:43:43.176629;juice_bottle;attn_perimg_R7;0;0.9144;0.9099;0.9212;335;94;142;94;184.7
2026-02-27T19:46:18.125719;pushpins;uniform_R5;0;0.7010;0.6811;0.7234;372;138;91;81;138.9
2026-02-27T19:48:58.017311;pushpins;attn_perimg_R5;0;0.6779;0.5938;0.7723;372;138;91;81;159.9
2026-02-27T19:51:29.360899;pushpins;attn_train_avg_R5;0;0.6908;0.6531;0.7331;372;138;91;81;151.3
2026-02-27T19:54:03.110156;pushpins;cls_perimg_R5;0;0.7272;0.6311;0.8352;372;138;91;81;153.7
2026-02-27T19:56:38.366477;pushpins;cls_train_avg_R5;0;0.6789;0.6452;0.7168;372;138;91;81;155.3
2026-02-27T19:58:51.633459;pushpins;attn_perimg_R3;0;0.6812;0.5960;0.7770;372;138;91;81;133.3
2026-02-27T20:01:53.150072;pushpins;attn_perimg_R7;0;0.6711;0.5769;0.7769;372;138;91;81;181.5
2026-02-27T20:04:26.438509;screw_bag;uniform_R5;0;0.7383;0.6784;0.8384;360;122;137;82;138.0
2026-02-27T20:07:03.176842;screw_bag;attn_perimg_R5;0;0.7864;0.7335;0.8749;360;122;137;82;156.7
2026-02-27T20:09:46.703165;screw_bag;attn_train_avg_R5;0;0.7517;0.6892;0.8563;360;122;137;82;163.5
2026-02-27T20:12:25.111639;screw_bag;cls_perimg_R5;0;0.7780;0.6972;0.9129;360;122;137;82;158.4
2026-02-27T20:15:03.768013;screw_bag;cls_train_avg_R5;0;0.7509;0.6885;0.8551;360;122;137;82;158.7
2026-02-27T20:17:14.143745;screw_bag;attn_perimg_R3;0;0.7708;0.7114;0.8700;360;122;137;82;130.4
2026-02-27T20:20:21.412374;screw_bag;attn_perimg_R7;0;0.7883;0.7323;0.8819;360;122;137;82;187.3
2026-02-27T20:22:54.739750;splicing_connectors;uniform_R5;0;0.7957;0.8206;0.7641;360;119;108;85;138.6
2026-02-27T20:25:28.965593;splicing_connectors;attn_perimg_R5;0;0.7741;0.8014;0.7393;360;119;108;85;154.2
2026-02-27T20:28:07.918550;splicing_connectors;attn_train_avg_R5;0;0.7958;0.8109;0.7766;360;119;108;85;159.0
2026-02-27T20:30:44.197751;splicing_connectors;cls_perimg_R5;0;0.8435;0.8213;0.8718;360;119;108;85;156.3
2026-02-27T20:33:22.486143;splicing_connectors;cls_train_avg_R5;0;0.8069;0.8224;0.7873;360;119;108;85;158.3
2026-02-27T20:35:30.635274;splicing_connectors;attn_perimg_R3;0;0.7635;0.7863;0.7346;360;119;108;85;128.1
2026-02-27T20:38:34.045999;splicing_connectors;attn_perimg_R7;0;0.7819;0.8091;0.7472;360;119;108;85;183.4
