timestamp;category;config;seed;auroc_combined;auroc_logical;auroc_structural;n_train;n_test_good;n_test_logical;n_test_structural;pca_dim;R;inference_time_s
2026-02-27T01:57:58.512500;breakfast_box;R5_dim64;0;0.7557;0.8013;0.7136;351;102;83;90;64;5;2.1
2026-02-27T01:58:32.730456;breakfast_box;R5_dim128;0;0.7838;0.8286;0.7425;351;102;83;90;128;5;28.8
2026-02-27T02:00:11.406742;breakfast_box;R5_dim256;0;0.8303;0.8953;0.7704;351;102;83;90;256;5;88.9
2026-02-27T02:01:37.778015;breakfast_box;R3_dim256;0;0.8306;0.8677;0.7963;351;102;83;90;256;3;86.4
2026-02-27T02:04:33.851897;breakfast_box;R5_dim384;0;0.8259;0.9099;0.7485;351;102;83;90;384;5;162.8
2026-02-27T02:07:13.488705;breakfast_box;R3_dim384;0;0.8689;0.9511;0.7930;351;102;83;90;384;3;159.6
2026-02-27T02:07:20.179227;breakfast_box;R5_dim64;1;0.7557;0.8013;0.7136;351;102;83;90;64;5;2.1
2026-02-27T02:07:52.172097;breakfast_box;R5_dim128;1;0.7838;0.8286;0.7425;351;102;83;90;128;5;26.3
2026-02-27T02:09:35.079048;breakfast_box;R5_dim256;1;0.8303;0.8953;0.7704;351;102;83;90;256;5;93.0
2026-02-27T02:11:01.789261;breakfast_box;R3_dim256;1;0.8306;0.8677;0.7963;351;102;83;90;256;3;86.7
2026-02-27T02:13:56.942934;breakfast_box;R5_dim384;1;0.8259;0.9099;0.7485;351;102;83;90;384;5;161.9
2026-02-27T02:16:38.604431;breakfast_box;R3_dim384;1;0.8689;0.9511;0.7930;351;102;83;90;384;3;161.7
2026-02-27T02:16:45.636801;juice_bottle;R5_dim64;0;0.8827;0.9089;0.8431;335;94;142;94;64;5;2.2
2026-02-27T02:17:19.138334;juice_bottle;R5_dim128;0;0.9077;0.9267;0.8791;335;94;142;94;128;5;28.2
2026-02-27T02:18:59.967848;juice_bottle;R5_dim256;0;0.9506;0.9583;0.9390;335;94;142;94;256;5;91.5
2026-02-27T02:20:30.733035;juice_bottle;R3_dim256;0;0.9494;0.9506;0.9475;335;94;142;94;256;3;90.8
2026-02-27T02:23:30.216555;juice_bottle;R5_dim384;0;0.9447;0.9553;0.9288;335;94;142;94;384;5;166.8
2026-02-27T02:26:14.750339;juice_bottle;R3_dim384;0;0.9513;0.9571;0.9425;335;94;142;94;384;3;164.5
2026-02-27T02:26:21.458271;juice_bottle;R5_dim64;1;0.8827;0.9089;0.8431;335;94;142;94;64;5;2.2
2026-02-27T02:26:54.879060;juice_bottle;R5_dim128;1;0.9077;0.9267;0.8791;335;94;142;94;128;5;28.2
2026-02-27T02:28:35.879389;juice_bottle;R5_dim256;1;0.9506;0.9583;0.9390;335;94;142;94;256;5;91.5
2026-02-27T02:30:06.515008;juice_bottle;R3_dim256;1;0.9494;0.9506;0.9475;335;94;142;94;256;3;90.6
2026-02-27T02:32:59.605982;juice_bottle;R5_dim384;1;0.9447;0.9553;0.9288;335;94;142;94;384;5;160.2
2026-02-27T02:35:40.196315;juice_bottle;R3_dim384;1;0.9513;0.9571;0.9425;335;94;142;94;384;3;160.6
2026-02-27T02:35:48.263664;pushpins;R5_dim64;0;0.6500;0.5931;0.7140;372;138;91;81;64;5;2.2
2026-02-27T02:36:20.812441;pushpins;R5_dim128;0;0.6476;0.5926;0.7094;372;138;91;81;128;5;26.5
2026-02-27T02:37:59.784101;pushpins;R5_dim256;0;0.7010;0.6812;0.7232;372;138;91;81;256;5;88.8
2026-02-27T02:39:25.249251;pushpins;R3_dim256;0;0.7048;0.6610;0.7539;372;138;91;81;256;3;85.5
2026-02-27T02:42:24.344030;pushpins;R5_dim384;0;0.6846;0.6542;0.7187;372;138;91;81;384;5;164.5
2026-02-27T02:45:09.959735;pushpins;R3_dim384;0;0.7128;0.6844;0.7446;372;138;91;81;384;3;165.6
2026-02-27T02:45:16.807374;pushpins;R5_dim64;1;0.6500;0.5931;0.7140;372;138;91;81;64;5;2.2
2026-02-27T02:45:51.342946;pushpins;R5_dim128;1;0.6476;0.5926;0.7094;372;138;91;81;128;5;28.7
2026-02-27T02:47:31.240449;pushpins;R5_dim256;1;0.7010;0.6812;0.7232;372;138;91;81;256;5;89.5
2026-02-27T02:48:58.486744;pushpins;R3_dim256;1;0.7048;0.6610;0.7539;372;138;91;81;256;3;87.2
2026-02-27T02:52:02.048407;pushpins;R5_dim384;1;0.6846;0.6542;0.7187;372;138;91;81;384;5;169.2
2026-02-27T02:54:44.451004;pushpins;R3_dim384;1;0.7128;0.6844;0.7446;372;138;91;81;384;3;162.4
2026-02-27T02:54:52.293462;screw_bag;R5_dim64;0;0.7440;0.6973;0.8220;360;122;137;82;64;5;2.3
2026-02-27T02:55:26.957736;screw_bag;R5_dim128;0;0.7566;0.7086;0.8369;360;122;137;82;128;5;29.1
2026-02-27T02:57:04.548835;screw_bag;R5_dim256;0;0.7382;0.6784;0.8381;360;122;137;82;256;5;87.5
2026-02-27T02:58:31.140704;screw_bag;R3_dim256;0;0.7352;0.6741;0.8373;360;122;137;82;256;3;86.6
2026-02-27T03:01:27.666590;screw_bag;R5_dim384;0;0.6715;0.5896;0.8084;360;122;137;82;384;5;162.8
2026-02-27T03:04:10.614676;screw_bag;R3_dim384;0;0.6398;0.5480;0.7932;360;122;137;82;384;3;162.9
2026-02-27T03:04:17.466333;screw_bag;R5_dim64;1;0.7440;0.6973;0.8220;360;122;137;82;64;5;2.2
2026-02-27T03:04:52.320244;screw_bag;R5_dim128;1;0.7566;0.7086;0.8369;360;122;137;82;128;5;29.0
2026-02-27T03:06:29.814672;screw_bag;R5_dim256;1;0.7382;0.6784;0.8381;360;122;137;82;256;5;87.3
2026-02-27T03:07:55.354161;screw_bag;R3_dim256;1;0.7352;0.6741;0.8373;360;122;137;82;256;3;85.5
2026-02-27T03:10:50.840967;screw_bag;R5_dim384;1;0.6715;0.5896;0.8084;360;122;137;82;384;5;161.6
2026-02-27T03:13:34.105409;screw_bag;R3_dim384;1;0.6398;0.5480;0.7932;360;122;137;82;384;3;163.3
2026-02-27T03:13:41.595357;splicing_connectors;R5_dim64;0;0.6978;0.7432;0.6401;360;119;108;85;64;5;2.2
2026-02-27T03:14:16.353559;splicing_connectors;R5_dim128;0;0.7307;0.7668;0.6847;360;119;108;85;128;5;29.5
2026-02-27T03:15:54.513926;splicing_connectors;R5_dim256;0;0.7958;0.8207;0.7641;360;119;108;85;256;5;88.1
2026-02-27T03:17:23.166929;splicing_connectors;R3_dim256;0;0.7882;0.8047;0.7673;360;119;108;85;256;3;88.7
2026-02-27T03:20:20.169388;splicing_connectors;R5_dim384;0;0.8000;0.8185;0.7766;360;119;108;85;384;5;163.1
2026-02-27T03:23:03.415174;splicing_connectors;R3_dim384;0;0.8139;0.8305;0.7927;360;119;108;85;384;3;163.2
2026-02-27T03:23:10.507922;splicing_connectors;R5_dim64;1;0.6978;0.7432;0.6401;360;119;108;85;64;5;2.2
2026-02-27T03:23:44.701645;splicing_connectors;R5_dim128;1;0.7307;0.7668;0.6847;360;119;108;85;128;5;28.3
2026-02-27T03:25:22.330535;splicing_connectors;R5_dim256;1;0.7958;0.8207;0.7641;360;119;108;85;256;5;87.5
2026-02-27T03:26:52.074022;splicing_connectors;R3_dim256;1;0.7882;0.8047;0.7673;360;119;108;85;256;3;89.7
2026-02-27T03:29:49.725564;splicing_connectors;R5_dim384;1;0.8000;0.8185;0.7766;360;119;108;85;384;5;163.8
2026-02-27T03:32:32.666365;splicing_connectors;R3_dim384;1;0.8139;0.8305;0.7927;360;119;108;85;384;3;162.9
