timestamp;category;config;auroc_combined;auroc_logical;auroc_structural;n_train;time_s
2026-03-24T09:55:42.520468;breakfast_box;ridge_baseline;0.8303;0.8951;0.7705;351;564.3
2026-03-24T10:16:22.556802;breakfast_box;mlp_predictor;0.7941;0.8620;0.7314;351;1239.9
2026-03-24T10:28:40.317285;juice_bottle;ridge_baseline;0.9505;0.9583;0.9388;335;97.2
2026-03-24T10:43:16.195372;juice_bottle;mlp_predictor;0.8645;0.8965;0.8161;335;875.8
2026-03-24T10:45:15.139988;pushpins;ridge_baseline;0.7010;0.6811;0.7234;372;105.9
2026-03-24T10:59:00.155595;pushpins;mlp_predictor;0.6475;0.5772;0.7263;372;824.8
2026-03-24T11:00:49.141826;screw_bag;ridge_baseline;0.7383;0.6784;0.8384;360;96.5
2026-03-24T11:15:13.751304;screw_bag;mlp_predictor;0.6505;0.5753;0.7761;360;864.5
2026-03-24T11:17:05.226797;splicing_connectors;ridge_baseline;0.7957;0.8206;0.7641;360;96.6
2026-03-24T11:30:53.070255;splicing_connectors;mlp_predictor;0.6970;0.7378;0.6453;360;827.7
