backbone;category;auroc_combined;auroc_logical;auroc_structural
dinov3_L;breakfast_box;0.8303;0.8953;0.7704
dinov3_L;juice_bottle;0.9506;0.9583;0.939
dinov3_L;pushpins;0.701;0.6812;0.7233
dinov3_L;screw_bag;0.7382;0.6784;0.8381
dinov3_L;splicing_connectors;0.7958;0.8207;0.7641
dinov3_B;breakfast_box;0.6825;0.7353;0.6339
dinov3_B;juice_bottle;0.8217;0.844;0.7879
dinov3_B;pushpins;0.6046;0.5204;0.6991
dinov3_B;screw_bag;0.849;0.8152;0.9054
dinov3_B;splicing_connectors;0.6874;0.7035;0.667
ijepa_H16;breakfast_box;0.7832;0.8584;0.7139
ijepa_H16;juice_bottle;0.831;0.8826;0.7531
ijepa_H16;pushpins;0.5931;0.5538;0.6372
ijepa_H16;screw_bag;0.6451;0.6116;0.7009
ijepa_H16;splicing_connectors;0.6752;0.76;0.5674
dinov2-large;breakfast_box;0.8347;0.8767;0.796
dinov2-large;juice_bottle;0.8786;0.8966;0.8513
dinov2-large;pushpins;0.6299;0.5736;0.6931
dinov2-large;screw_bag;0.7737;0.7134;0.8744
dinov2-large;splicing_connectors;0.7533;0.7996;0.6945
dinov3_vitH16plus;breakfast_box;0.8803;0.9132;0.8499
dinov3_vitH16plus;juice_bottle;0.9712;0.9782;0.9606
dinov3_vitH16plus;pushpins;0.7345;0.7363;0.7326
dinov3_vitH16plus;screw_bag;0.7596;0.7083;0.8454
dinov3_vitH16plus;splicing_connectors;0.8249;0.8401;0.8056
