timestamp;category;aggregation;auroc_combined;auroc_logical;auroc_structural;n_train;n_test_good;n_test_logical;n_test_structural;time_s
2026-03-02T12:44:38.984589;breakfast_box;max;0.7296;0.7506;0.7101;351;102;83;90;0.005
2026-03-02T12:44:38.989588;breakfast_box;p95;0.8303;0.8953;0.7704;351;102;83;90;0.005
2026-03-02T12:44:38.992218;breakfast_box;mean;0.8358;0.9070;0.7702;351;102;83;90;0.002
2026-03-02T12:44:38.994826;breakfast_box;interior_mean;0.8735;0.9405;0.8117;351;102;83;90;0.003
2026-03-02T12:44:38.997503;breakfast_box;interior_sum;0.8735;0.9405;0.8117;351;102;83;90;0.003
2026-03-02T12:44:39.003097;breakfast_box;trimmed_mean;0.8428;0.9146;0.7766;351;102;83;90;0.006
2026-03-02T13:01:20.226786;juice_bottle;max;0.8731;0.8728;0.8736;335;94;142;94;0.003
2026-03-02T13:01:20.261118;juice_bottle;p95;0.9506;0.9583;0.9390;335;94;142;94;0.008
2026-03-02T13:01:20.264655;juice_bottle;mean;0.9298;0.9386;0.9166;335;94;142;94;0.003
2026-03-02T13:01:20.267451;juice_bottle;interior_mean;0.9594;0.9761;0.9342;335;94;142;94;0.003
2026-03-02T13:01:20.270114;juice_bottle;interior_sum;0.9594;0.9761;0.9342;335;94;142;94;0.003
2026-03-02T13:01:20.274902;juice_bottle;trimmed_mean;0.9233;0.9350;0.9056;335;94;142;94;0.005
2026-03-02T13:40:09.243882;pushpins;max;0.5487;0.4916;0.6129;372;138;91;81;0.005
2026-03-02T13:40:09.247876;pushpins;p95;0.7010;0.6812;0.7232;372;138;91;81;0.004
2026-03-02T13:40:09.250817;pushpins;mean;0.6930;0.6816;0.7059;372;138;91;81;0.002
2026-03-02T13:40:09.252884;pushpins;interior_mean;0.6831;0.6953;0.6694;372;138;91;81;0.002
2026-03-02T13:40:09.255883;pushpins;interior_sum;0.6831;0.6953;0.6694;372;138;91;81;0.002
2026-03-02T13:40:09.258977;pushpins;trimmed_mean;0.6905;0.6860;0.6956;372;138;91;81;0.003
2026-03-02T13:47:02.659554;screw_bag;max;0.7040;0.7042;0.7037;360;122;137;82;0.003
2026-03-02T13:47:02.665539;screw_bag;p95;0.7382;0.6784;0.8381;360;122;137;82;0.005
2026-03-02T13:47:02.668553;screw_bag;mean;0.7564;0.6988;0.8527;360;122;137;82;0.002
2026-03-02T13:47:02.671539;screw_bag;interior_mean;0.6774;0.5979;0.8103;360;122;137;82;0.002
2026-03-02T13:47:02.674556;screw_bag;interior_sum;0.6774;0.5979;0.8103;360;122;137;82;0.002
2026-03-02T13:47:02.679555;screw_bag;trimmed_mean;0.7496;0.6895;0.8500;360;122;137;82;0.005
2026-03-02T13:49:28.982746;splicing_connectors;max;0.6725;0.6835;0.6586;360;119;108;85;0.003
2026-03-02T13:49:28.986852;splicing_connectors;p95;0.7958;0.8207;0.7641;360;119;108;85;0.003
2026-03-02T13:49:28.989814;splicing_connectors;mean;0.8093;0.8384;0.7723;360;119;108;85;0.002
2026-03-02T13:49:28.991840;splicing_connectors;interior_mean;0.8192;0.8561;0.7723;360;119;108;85;0.002
2026-03-02T13:49:28.994829;splicing_connectors;interior_sum;0.8192;0.8561;0.7723;360;119;108;85;0.002
2026-03-02T13:49:28.997819;splicing_connectors;trimmed_mean;0.8128;0.8434;0.7739;360;119;108;85;0.003
