category;n_train;seed;method;n_train_full;auroc;logical;structural;fit_s
breakfast_box;10;0;dual;351;0.735;0.8348;0.6429;490.1
breakfast_box;100;0;dual;351;0.8662;0.9732;0.7675;736.6
breakfast_box;200;0;dual;351;0.8967;0.9773;0.8224;940.9
breakfast_box;25;0;dual;351;0.7875;0.9231;0.6624;736.3
breakfast_box;50;0;dual;351;0.8476;0.972;0.7328;705.6
breakfast_box;full;0;dual;351;0.9073;0.961;0.8578;490.1
breakfast_box;10;1;dual;351;0.7641;0.9086;0.6309;281.2
breakfast_box;100;1;dual;351;0.8741;0.9813;0.7753;495.1
breakfast_box;200;1;dual;351;0.9051;0.985;0.8314;292.3
breakfast_box;25;1;dual;351;0.7936;0.9321;0.6659;473.8
breakfast_box;50;1;dual;351;0.8461;0.9634;0.7379;244.2
breakfast_box;full;1;dual;351;0.9073;0.961;0.8578;490.1
breakfast_box;10;2;dual;351;0.7429;0.8372;0.656;223.7
breakfast_box;100;2;dual;351;0.8654;0.9665;0.7722;157.7
breakfast_box;200;2;dual;351;0.8977;0.9789;0.8229;237.8
breakfast_box;25;2;dual;351;0.804;0.9359;0.6825;226.4
breakfast_box;50;2;dual;351;0.8458;0.9518;0.748;603.5
breakfast_box;full;2;dual;351;0.9073;0.961;0.8577;248.7
breakfast_box;10;0;meansub;351;0.6596;0.7666;0.5609;43.6
breakfast_box;100;0;meansub;351;0.7666;0.8395;0.6993;69.5
breakfast_box;200;0;meansub;351;0.77;0.8297;0.715;68.6
breakfast_box;25;0;meansub;351;0.7581;0.8538;0.6699;50.4
breakfast_box;50;0;meansub;351;0.7737;0.8399;0.7125;52.3
breakfast_box;full;0;meansub;351;0.7667;0.8205;0.7172;78.5
breakfast_box;10;1;meansub;351;0.6419;0.7488;0.5434;50.8
breakfast_box;100;1;meansub;351;0.7772;0.8326;0.726;56.9
breakfast_box;200;1;meansub;351;0.7813;0.8343;0.7324;63.5
breakfast_box;25;1;meansub;351;0.7253;0.8076;0.6493;59.6
breakfast_box;50;1;meansub;351;0.7771;0.8586;0.702;54.1
breakfast_box;full;1;meansub;351;0.7667;0.8205;0.7172;78.5
breakfast_box;10;2;meansub;351;0.6766;0.7612;0.5986;45.7
breakfast_box;100;2;meansub;351;0.7696;0.821;0.7221;47.0
breakfast_box;200;2;meansub;351;0.773;0.8409;0.7105;55.4
breakfast_box;25;2;meansub;351;0.7529;0.8212;0.6899;47.1
breakfast_box;50;2;meansub;351;0.7637;0.8122;0.719;46.1
breakfast_box;full;2;meansub;351;0.7667;0.8205;0.7171;95.7
breakfast_box;10;0;padim;351;0.6548;0.7478;0.5691;43.7
breakfast_box;100;0;padim;351;0.7751;0.8499;0.7061;64.1
breakfast_box;200;0;padim;351;0.7786;0.8423;0.7199;72.4
breakfast_box;25;0;padim;351;0.7224;0.8188;0.6334;53.2
breakfast_box;50;0;padim;351;0.784;0.8648;0.7095;46.1
breakfast_box;full;0;padim;351;0.7522;0.7966;0.7112;66.6
breakfast_box;10;1;padim;351;0.6517;0.7481;0.5629;47.6
breakfast_box;100;1;padim;351;0.7958;0.871;0.7265;54.5
breakfast_box;200;1;padim;351;0.7781;0.8349;0.7258;62.0
breakfast_box;25;1;padim;351;0.7674;0.8505;0.6907;52.5
breakfast_box;50;1;padim;351;0.7972;0.888;0.7135;53.2
breakfast_box;full;1;padim;351;0.7522;0.7966;0.7112;66.6
breakfast_box;10;2;padim;351;0.6732;0.7522;0.6003;42.9
breakfast_box;100;2;padim;351;0.7776;0.8535;0.7075;38.8
breakfast_box;200;2;padim;351;0.7764;0.8435;0.7146;53.5
breakfast_box;25;2;padim;351;0.7621;0.8175;0.711;44.8
breakfast_box;50;2;padim;351;0.7868;0.8434;0.7346;47.1
breakfast_box;full;2;padim;351;0.7522;0.7966;0.7112;78.2
breakfast_box;10;0;patchcore_max;351;0.8274;0.7227;0.9241;4.4
breakfast_box;100;0;patchcore_max;351;0.855;0.7446;0.9568;46.0
breakfast_box;200;0;patchcore_max;351;0.8708;0.771;0.9629;83.3
breakfast_box;25;0;patchcore_max;351;0.8474;0.741;0.9455;11.0
breakfast_box;50;0;patchcore_max;351;0.8492;0.7418;0.9483;21.6
breakfast_box;full;0;patchcore_max;351;0.8643;0.7614;0.9592;141.9
breakfast_box;10;1;patchcore_max;351;0.8039;0.6958;0.9036;4.3
breakfast_box;100;1;patchcore_max;351;0.8669;0.7749;0.9517;36.6
breakfast_box;200;1;patchcore_max;351;0.864;0.7583;0.9615;112.2
breakfast_box;25;1;patchcore_max;351;0.8384;0.7352;0.9336;12.1
breakfast_box;50;1;patchcore_max;351;0.8515;0.7596;0.9362;23.8
breakfast_box;full;1;patchcore_max;351;0.8643;0.7614;0.9592;141.9
breakfast_box;10;2;patchcore_max;351;0.8146;0.6935;0.9264;3.9
breakfast_box;100;2;patchcore_max;351;0.8511;0.7502;0.9442;76.4
breakfast_box;200;2;patchcore_max;351;0.8739;0.7869;0.9541;192.6
breakfast_box;25;2;patchcore_max;351;0.8457;0.7477;0.9361;10.3
breakfast_box;50;2;patchcore_max;351;0.8477;0.7351;0.9516;18.1
breakfast_box;full;2;patchcore_max;351;0.8643;0.7614;0.9592;229.0
breakfast_box;10;0;patchcore_p95;351;0.7873;0.85;0.7295;4.4
breakfast_box;100;0;patchcore_p95;351;0.7871;0.8499;0.7292;46.0
breakfast_box;200;0;patchcore_p95;351;0.7756;0.8559;0.7015;83.3
breakfast_box;25;0;patchcore_p95;351;0.8103;0.8655;0.7594;11.0
breakfast_box;50;0;patchcore_p95;351;0.7834;0.8557;0.7168;21.6
breakfast_box;full;0;patchcore_p95;351;0.7859;0.8674;0.7108;141.9
breakfast_box;10;1;patchcore_p95;351;0.7457;0.8408;0.6581;4.3
breakfast_box;100;1;patchcore_p95;351;0.7723;0.8532;0.6977;36.6
breakfast_box;200;1;patchcore_p95;351;0.7877;0.8618;0.7194;112.2
breakfast_box;25;1;patchcore_p95;351;0.7579;0.8583;0.6654;12.1
breakfast_box;50;1;patchcore_p95;351;0.7847;0.8617;0.7136;23.8
breakfast_box;full;1;patchcore_p95;351;0.7859;0.8674;0.7108;141.9
breakfast_box;10;2;patchcore_p95;351;0.761;0.815;0.7111;3.9
breakfast_box;100;2;patchcore_p95;351;0.7863;0.8657;0.7131;76.4
breakfast_box;200;2;patchcore_p95;351;0.7835;0.8605;0.7124;192.6
breakfast_box;25;2;patchcore_p95;351;0.7845;0.8468;0.727;10.3
breakfast_box;50;2;patchcore_p95;351;0.7685;0.8509;0.6925;18.1
breakfast_box;full;2;patchcore_p95;351;0.7859;0.8674;0.7108;229.0
breakfast_box;10;0;pcreg_cls;351;0.7265;0.8209;0.6394;244.6
breakfast_box;100;0;pcreg_cls;351;0.8427;0.949;0.7448;367.6
breakfast_box;200;0;pcreg_cls;351;0.8622;0.9504;0.7809;469.7
breakfast_box;25;0;pcreg_cls;351;0.7794;0.9142;0.655;367.6
breakfast_box;50;0;pcreg_cls;351;0.8301;0.9558;0.7142;352.2
breakfast_box;full;0;pcreg_cls;351;0.883;0.9498;0.8214;244.0
breakfast_box;10;1;pcreg_cls;351;0.7407;0.8716;0.62;139.9
breakfast_box;100;1;pcreg_cls;351;0.8452;0.9533;0.7455;246.0
breakfast_box;200;1;pcreg_cls;351;0.8631;0.9576;0.7759;145.2
breakfast_box;25;1;pcreg_cls;351;0.7788;0.9112;0.6568;236.3
breakfast_box;50;1;pcreg_cls;351;0.8349;0.9465;0.732;121.4
breakfast_box;full;1;pcreg_cls;351;0.883;0.9498;0.8214;244.0
breakfast_box;10;2;pcreg_cls;351;0.668;0.7419;0.5999;111.3
breakfast_box;100;2;pcreg_cls;351;0.8397;0.9455;0.7422;78.2
breakfast_box;200;2;pcreg_cls;351;0.8586;0.9518;0.7725;117.4
breakfast_box;25;2;pcreg_cls;351;0.7823;0.9093;0.6651;112.6
breakfast_box;50;2;pcreg_cls;351;0.8271;0.927;0.735;301.1
breakfast_box;full;2;pcreg_cls;351;0.8829;0.9497;0.8212;123.4
breakfast_box;10;0;pcreg_uniform;351;0.6838;0.7853;0.5903;222.2
breakfast_box;100;0;pcreg_uniform;351;0.7988;0.9206;0.6865;436.0
breakfast_box;200;0;pcreg_uniform;351;0.8353;0.9369;0.7415;376.3
breakfast_box;25;0;pcreg_uniform;351;0.7725;0.8756;0.6775;373.2
breakfast_box;50;0;pcreg_uniform;351;0.797;0.9263;0.6778;187.8
breakfast_box;full;0;pcreg_uniform;351;0.8318;0.9302;0.7411;352.6
breakfast_box;10;1;pcreg_uniform;351;0.7303;0.8552;0.615;112.7
breakfast_box;100;1;pcreg_uniform;351;0.8028;0.9218;0.6931;134.5
breakfast_box;200;1;pcreg_uniform;351;0.8439;0.9493;0.7466;129.7
breakfast_box;25;1;pcreg_uniform;351;0.7632;0.8761;0.6592;219.3
breakfast_box;50;1;pcreg_uniform;351;0.7959;0.9135;0.6874;156.0
breakfast_box;full;1;pcreg_uniform;351;0.8318;0.9302;0.7411;352.6
breakfast_box;10;2;pcreg_uniform;351;0.6543;0.7299;0.5846;101.3
breakfast_box;100;2;pcreg_uniform;351;0.8192;0.9301;0.7169;55.9
breakfast_box;200;2;pcreg_uniform;351;0.8456;0.9413;0.7573;72.1
breakfast_box;25;2;pcreg_uniform;351;0.7602;0.875;0.6544;103.4
breakfast_box;50;2;pcreg_uniform;351;0.7858;0.8951;0.685;263.1
breakfast_box;full;2;pcreg_uniform;351;0.832;0.9304;0.7412;111.3
juice_bottle;10;0;dual;335;0.7002;0.7885;0.5669;121.9
juice_bottle;100;0;dual;335;0.9355;0.9534;0.9084;166.2
juice_bottle;200;0;dual;335;0.9598;0.9674;0.9483;191.1
juice_bottle;25;0;dual;335;0.8369;0.8943;0.7501;143.9
juice_bottle;50;0;dual;335;0.8955;0.9323;0.8399;145.5
juice_bottle;full;0;dual;335;0.9696;0.9749;0.9616;231.3
juice_bottle;10;1;dual;335;0.7733;0.8398;0.6727;93.2
juice_bottle;100;1;dual;335;0.9437;0.9559;0.9253;130.2
juice_bottle;200;1;dual;335;0.96;0.9667;0.9499;155.1
juice_bottle;25;1;dual;335;0.8722;0.9091;0.8164;105.4
juice_bottle;50;1;dual;335;0.9068;0.9262;0.8775;111.2
juice_bottle;full;1;dual;335;0.9696;0.9749;0.9616;231.3
juice_bottle;10;2;dual;335;0.7903;0.8589;0.6865;98.6
juice_bottle;100;2;dual;335;0.9356;0.9508;0.9126;143.2
juice_bottle;200;2;dual;335;0.9571;0.9619;0.9499;128.4
juice_bottle;25;2;dual;335;0.8685;0.9129;0.8015;111.8
juice_bottle;50;2;dual;335;0.8999;0.936;0.8454;128.3
juice_bottle;full;2;dual;335;0.9696;0.9749;0.9616;231.3
juice_bottle;10;0;meansub;335;0.6894;0.7394;0.6139;44.1
juice_bottle;100;0;meansub;335;0.8461;0.8843;0.7884;47.9
juice_bottle;200;0;meansub;335;0.8622;0.892;0.8172;53.0
juice_bottle;25;0;meansub;335;0.7535;0.8076;0.6718;43.0
juice_bottle;50;0;meansub;335;0.8283;0.881;0.7488;41.2
juice_bottle;full;0;meansub;335;0.8717;0.8944;0.8374;66.1
juice_bottle;10;1;meansub;335;0.7547;0.8236;0.6506;29.5
juice_bottle;100;1;meansub;335;0.8712;0.9013;0.8257;36.2
juice_bottle;200;1;meansub;335;0.8748;0.8986;0.8387;43.7
juice_bottle;25;1;meansub;335;0.8196;0.8721;0.7404;33.0
juice_bottle;50;1;meansub;335;0.8504;0.8796;0.8064;33.5
juice_bottle;full;1;meansub;335;0.8717;0.8944;0.8374;66.1
juice_bottle;10;2;meansub;335;0.7399;0.812;0.6311;29.8
juice_bottle;100;2;meansub;335;0.8719;0.907;0.8189;36.9
juice_bottle;200;2;meansub;335;0.8727;0.8991;0.8328;45.4
juice_bottle;25;2;meansub;335;0.8164;0.8806;0.7193;31.5
juice_bottle;50;2;meansub;335;0.8577;0.9057;0.7853;32.9
juice_bottle;full;2;meansub;335;0.8717;0.8944;0.8374;66.1
juice_bottle;10;0;padim;335;0.6726;0.7161;0.6071;44.9
juice_bottle;100;0;padim;335;0.8404;0.8754;0.7876;45.1
juice_bottle;200;0;padim;335;0.8555;0.8857;0.8099;48.5
juice_bottle;25;0;padim;335;0.7413;0.7958;0.6588;35.9
juice_bottle;50;0;padim;335;0.8233;0.8739;0.7467;37.2
juice_bottle;full;0;padim;335;0.8679;0.8893;0.8354;64.8
juice_bottle;10;1;padim;335;0.7522;0.8129;0.6604;25.5
juice_bottle;100;1;padim;335;0.8602;0.8891;0.8165;35.9
juice_bottle;200;1;padim;335;0.8693;0.892;0.835;44.0
juice_bottle;25;1;padim;335;0.8018;0.8479;0.7322;26.6
juice_bottle;50;1;padim;335;0.8455;0.8718;0.8057;28.6
juice_bottle;full;1;padim;335;0.8679;0.8893;0.8354;64.8
juice_bottle;10;2;padim;335;0.7509;0.8114;0.6595;24.4
juice_bottle;100;2;padim;335;0.8614;0.8917;0.8158;33.5
juice_bottle;200;2;padim;335;0.863;0.8896;0.8228;43.6
juice_bottle;25;2;padim;335;0.8116;0.8664;0.7288;26.1
juice_bottle;50;2;padim;335;0.8427;0.8862;0.777;29.1
juice_bottle;full;2;padim;335;0.8679;0.8893;0.8354;64.8
juice_bottle;10;0;patchcore_max;335;0.6645;0.6093;0.748;16.9
juice_bottle;100;0;patchcore_max;335;0.8677;0.8204;0.9391;127.6
juice_bottle;200;0;patchcore_max;335;0.8852;0.8403;0.953;223.2
juice_bottle;25;0;patchcore_max;335;0.8599;0.8203;0.9196;30.1
juice_bottle;50;0;patchcore_max;335;0.8631;0.8159;0.9342;64.0
juice_bottle;full;0;patchcore_max;335;0.8909;0.8432;0.9629;406.8
juice_bottle;10;1;patchcore_max;335;0.8108;0.7483;0.9052;6.4
juice_bottle;100;1;patchcore_max;335;0.8717;0.8258;0.9409;76.3
juice_bottle;200;1;patchcore_max;335;0.8788;0.829;0.9541;166.7
juice_bottle;25;1;patchcore_max;335;0.8486;0.7991;0.9234;16.0
juice_bottle;50;1;patchcore_max;335;0.8584;0.8044;0.94;31.5
juice_bottle;full;1;patchcore_max;335;0.8909;0.8432;0.9629;406.8
juice_bottle;10;2;patchcore_max;335;0.8281;0.7791;0.9021;6.1
juice_bottle;100;2;patchcore_max;335;0.873;0.8274;0.9419;62.9
juice_bottle;200;2;patchcore_max;335;0.8778;0.8296;0.9505;157.6
juice_bottle;25;2;patchcore_max;335;0.8527;0.8088;0.9191;15.1
juice_bottle;50;2;patchcore_max;335;0.8593;0.8116;0.9314;29.2
juice_bottle;full;2;patchcore_max;335;0.8909;0.8432;0.9629;406.8
juice_bottle;10;0;patchcore_p95;335;0.8106;0.8529;0.7468;16.9
juice_bottle;100;0;patchcore_p95;335;0.9071;0.9121;0.8994;127.6
juice_bottle;200;0;patchcore_p95;335;0.917;0.9178;0.9157;223.2
juice_bottle;25;0;patchcore_p95;335;0.8789;0.891;0.8607;30.1
juice_bottle;50;0;patchcore_p95;335;0.8971;0.9052;0.8849;64.0
juice_bottle;full;0;patchcore_p95;335;0.9074;0.907;0.9079;406.8
juice_bottle;10;1;patchcore_p95;335;0.8426;0.8651;0.8086;6.4
juice_bottle;100;1;patchcore_p95;335;0.9056;0.908;0.902;76.3
juice_bottle;200;1;patchcore_p95;335;0.9075;0.9105;0.9028;166.7
juice_bottle;25;1;patchcore_p95;335;0.8763;0.8928;0.8513;16.0
juice_bottle;50;1;patchcore_p95;335;0.8866;0.8941;0.8752;31.5
juice_bottle;full;1;patchcore_p95;335;0.9074;0.907;0.9079;406.8
juice_bottle;10;2;patchcore_p95;335;0.8592;0.8741;0.8367;6.1
juice_bottle;100;2;patchcore_p95;335;0.898;0.8995;0.8957;62.9
juice_bottle;200;2;patchcore_p95;335;0.9137;0.9127;0.9152;157.6
juice_bottle;25;2;patchcore_p95;335;0.8848;0.8971;0.8662;15.1
juice_bottle;50;2;patchcore_p95;335;0.8893;0.8929;0.8839;29.2
juice_bottle;full;2;patchcore_p95;335;0.9074;0.907;0.9079;406.8
juice_bottle;10;0;pcreg_cls;335;0.6562;0.7328;0.5404;59.9
juice_bottle;100;0;pcreg_cls;335;0.8846;0.9171;0.8353;82.0
juice_bottle;200;0;pcreg_cls;335;0.9483;0.9506;0.9448;94.3
juice_bottle;25;0;pcreg_cls;335;0.7725;0.8495;0.6563;70.9
juice_bottle;50;0;pcreg_cls;335;0.8392;0.897;0.7518;71.7
juice_bottle;full;0;pcreg_cls;335;0.9778;0.9738;0.9838;114.8
juice_bottle;10;1;pcreg_cls;335;0.7076;0.7672;0.6176;46.1
juice_bottle;100;1;pcreg_cls;335;0.8904;0.9219;0.8429;64.2
juice_bottle;200;1;pcreg_cls;335;0.9552;0.9556;0.9546;76.9
juice_bottle;25;1;pcreg_cls;335;0.7949;0.8571;0.7008;51.8
juice_bottle;50;1;pcreg_cls;335;0.8404;0.8906;0.7646;54.8
juice_bottle;full;1;pcreg_cls;335;0.9778;0.9738;0.9838;114.8
juice_bottle;10;2;pcreg_cls;335;0.7303;0.7997;0.6254;48.9
juice_bottle;100;2;pcreg_cls;335;0.9025;0.932;0.8577;70.7
juice_bottle;200;2;pcreg_cls;335;0.9487;0.9506;0.9457;63.7
juice_bottle;25;2;pcreg_cls;335;0.8285;0.8874;0.7395;55.3
juice_bottle;50;2;pcreg_cls;335;0.8665;0.9173;0.7897;63.3
juice_bottle;full;2;pcreg_cls;335;0.9778;0.9738;0.9838;114.8
juice_bottle;10;0;pcreg_uniform;335;0.6935;0.7834;0.5576;52.4
juice_bottle;100;0;pcreg_uniform;335;0.8754;0.9177;0.8113;65.0
juice_bottle;200;0;pcreg_uniform;335;0.9332;0.9545;0.901;63.0
juice_bottle;25;0;pcreg_uniform;335;0.7908;0.8696;0.6718;59.8
juice_bottle;50;0;pcreg_uniform;335;0.8439;0.9049;0.7519;56.7
juice_bottle;full;0;pcreg_uniform;335;0.9574;0.9685;0.9406;83.6
juice_bottle;10;1;pcreg_uniform;335;0.7483;0.8292;0.6262;32.8
juice_bottle;100;1;pcreg_uniform;335;0.8952;0.9316;0.8402;42.3
juice_bottle;200;1;pcreg_uniform;335;0.9465;0.965;0.9185;55.2
juice_bottle;25;1;pcreg_uniform;335;0.8179;0.8822;0.7209;34.8
juice_bottle;50;1;pcreg_uniform;335;0.8695;0.911;0.8068;38.4
juice_bottle;full;1;pcreg_uniform;335;0.9574;0.9685;0.9406;83.6
juice_bottle;10;2;pcreg_uniform;335;0.7428;0.8296;0.6116;34.7
juice_bottle;100;2;pcreg_uniform;335;0.8955;0.936;0.8343;43.1
juice_bottle;200;2;pcreg_uniform;335;0.9393;0.96;0.9081;55.9
juice_bottle;25;2;pcreg_uniform;335;0.807;0.876;0.7028;37.3
juice_bottle;50;2;pcreg_uniform;335;0.8734;0.9197;0.8034;38.4
juice_bottle;full;2;pcreg_uniform;335;0.9574;0.9685;0.9406;83.6
pushpins;10;0;dual;372;0.6365;0.6112;0.6651;114.9
pushpins;100;0;dual;372;0.6348;0.5693;0.7084;163.6
pushpins;200;0;dual;372;0.719;0.6666;0.7779;169.3
pushpins;25;0;dual;372;0.5794;0.5302;0.6346;137.2
pushpins;50;0;dual;372;0.6016;0.541;0.6697;133.0
pushpins;full;0;dual;372;0.7473;0.7258;0.7714;232.7
pushpins;10;1;dual;372;0.5359;0.5002;0.5759;84.3
pushpins;100;1;dual;372;0.6402;0.5666;0.7228;115.0
pushpins;200;1;dual;372;0.7203;0.669;0.778;156.3
pushpins;25;1;dual;372;0.5293;0.4649;0.6016;90.2
pushpins;50;1;dual;372;0.588;0.5185;0.666;97.2
pushpins;full;1;dual;372;0.7473;0.7258;0.7714;232.7
pushpins;10;2;dual;372;0.5209;0.4517;0.5988;85.9
pushpins;100;2;dual;372;0.6436;0.5836;0.711;112.9
pushpins;200;2;dual;372;0.7229;0.6734;0.7784;150.1
pushpins;25;2;dual;372;0.5299;0.4537;0.6155;91.5
pushpins;50;2;dual;372;0.5865;0.538;0.641;98.5
pushpins;full;2;dual;372;0.7473;0.7258;0.7714;232.7
pushpins;10;0;meansub;372;0.5711;0.5659;0.5769;42.9
pushpins;100;0;meansub;372;0.5912;0.5386;0.6502;48.8
pushpins;200;0;meansub;372;0.6202;0.5674;0.6795;54.4
pushpins;25;0;meansub;372;0.5484;0.5187;0.5818;38.8
pushpins;50;0;meansub;372;0.545;0.5087;0.5857;39.2
pushpins;full;0;meansub;372;0.639;0.5811;0.7041;69.5
pushpins;10;1;meansub;372;0.5113;0.4571;0.5723;27.2
pushpins;100;1;meansub;372;0.5923;0.5419;0.649;39.0
pushpins;200;1;meansub;372;0.6147;0.5506;0.6867;48.3
pushpins;25;1;meansub;372;0.5078;0.4724;0.5475;32.3
pushpins;50;1;meansub;372;0.541;0.5116;0.5739;33.4
pushpins;full;1;meansub;372;0.639;0.5811;0.7041;69.5
pushpins;10;2;meansub;372;0.5458;0.5012;0.596;28.3
pushpins;100;2;meansub;372;0.6057;0.5686;0.6474;40.1
pushpins;200;2;meansub;372;0.6357;0.5868;0.6906;52.0
pushpins;25;2;meansub;372;0.5341;0.4878;0.5862;31.7
pushpins;50;2;meansub;372;0.5522;0.5227;0.5854;34.2
pushpins;full;2;meansub;372;0.639;0.5811;0.7041;69.5
pushpins;10;0;padim;372;0.5581;0.5651;0.5504;42.9
pushpins;100;0;padim;372;0.5843;0.518;0.6587;51.6
pushpins;200;0;padim;372;0.6116;0.5377;0.6946;57.8
pushpins;25;0;padim;372;0.5382;0.5076;0.5726;36.3
pushpins;50;0;padim;372;0.5347;0.4884;0.5867;39.4
pushpins;full;0;padim;372;0.6195;0.542;0.7067;72.8
pushpins;10;1;padim;372;0.4882;0.4495;0.5316;26.1
pushpins;100;1;padim;372;0.5872;0.516;0.6671;35.6
pushpins;200;1;padim;372;0.6124;0.5293;0.7058;49.6
pushpins;25;1;padim;372;0.4985;0.4655;0.5356;29.0
pushpins;50;1;padim;372;0.5219;0.4771;0.5722;31.5
pushpins;full;1;padim;372;0.6195;0.542;0.7067;72.8
pushpins;10;2;padim;372;0.5195;0.4691;0.576;24.4
pushpins;100;2;padim;372;0.5879;0.5236;0.6602;35.9
pushpins;200;2;padim;372;0.6096;0.5353;0.6931;48.5
pushpins;25;2;padim;372;0.5246;0.4606;0.5965;26.4
pushpins;50;2;padim;372;0.5285;0.4728;0.591;26.8
pushpins;full;2;padim;372;0.6195;0.542;0.7067;72.8
pushpins;10;0;patchcore_max;372;0.653;0.5237;0.7982;15.8
pushpins;100;0;patchcore_max;372;0.7292;0.6409;0.8285;123.2
pushpins;200;0;patchcore_max;372;0.7336;0.6472;0.8306;218.2
pushpins;25;0;patchcore_max;372;0.674;0.5748;0.7856;30.4
pushpins;50;0;patchcore_max;372;0.6857;0.587;0.7967;64.3
pushpins;full;0;patchcore_max;372;0.7596;0.674;0.8557;425.8
pushpins;10;1;patchcore_max;372;0.6561;0.5528;0.7721;6.0
pushpins;100;1;patchcore_max;372;0.7492;0.6597;0.8497;75.0
pushpins;200;1;patchcore_max;372;0.764;0.6782;0.8604;159.9
pushpins;25;1;patchcore_max;372;0.6984;0.5901;0.8201;15.8
pushpins;50;1;patchcore_max;372;0.713;0.6147;0.8234;35.8
pushpins;full;1;patchcore_max;372;0.7596;0.674;0.8557;425.8
pushpins;10;2;patchcore_max;372;0.6521;0.5319;0.7873;6.2
pushpins;100;2;patchcore_max;372;0.7125;0.6176;0.8191;67.7
pushpins;200;2;patchcore_max;372;0.7454;0.6504;0.8522;150.7
pushpins;25;2;patchcore_max;372;0.6694;0.5566;0.7962;16.2
pushpins;50;2;patchcore_max;372;0.6768;0.5595;0.8086;33.7
pushpins;full;2;patchcore_max;372;0.7596;0.674;0.8557;425.8
pushpins;10;0;patchcore_p95;372;0.5808;0.5587;0.6057;15.8
pushpins;100;0;patchcore_p95;372;0.6199;0.5844;0.6598;123.2
pushpins;200;0;patchcore_p95;372;0.6324;0.5967;0.6725;218.2
pushpins;25;0;patchcore_p95;372;0.5923;0.5523;0.6373;30.4
pushpins;50;0;patchcore_p95;372;0.595;0.5534;0.6416;64.3
pushpins;full;0;patchcore_p95;372;0.6309;0.6009;0.6645;425.8
pushpins;10;1;patchcore_p95;372;0.5344;0.4803;0.5952;6.0
pushpins;100;1;patchcore_p95;372;0.6099;0.5713;0.6533;75.0
pushpins;200;1;patchcore_p95;372;0.6223;0.5913;0.6573;159.9
pushpins;25;1;patchcore_p95;372;0.568;0.5212;0.6206;15.8
pushpins;50;1;patchcore_p95;372;0.5983;0.5554;0.6464;35.8
pushpins;full;1;patchcore_p95;372;0.6309;0.6009;0.6645;425.8
pushpins;10;2;patchcore_p95;372;0.5597;0.5225;0.6014;6.2
pushpins;100;2;patchcore_p95;372;0.6068;0.5763;0.6412;67.7
pushpins;200;2;patchcore_p95;372;0.6118;0.5837;0.6434;150.7
pushpins;25;2;patchcore_p95;372;0.572;0.515;0.6361;16.2
pushpins;50;2;patchcore_p95;372;0.5733;0.5362;0.6151;33.7
pushpins;full;2;patchcore_p95;372;0.6309;0.6009;0.6645;425.8
pushpins;10;0;pcreg_cls;372;0.632;0.604;0.6635;56.7
pushpins;100;0;pcreg_cls;372;0.5996;0.5083;0.7021;80.8
pushpins;200;0;pcreg_cls;372;0.6867;0.5957;0.7889;83.9
pushpins;25;0;pcreg_cls;372;0.5606;0.5007;0.6279;67.8
pushpins;50;0;pcreg_cls;372;0.5796;0.5053;0.663;65.7
pushpins;full;0;pcreg_cls;372;0.7317;0.6464;0.8276;115.3
pushpins;10;1;pcreg_cls;372;0.5288;0.4901;0.5723;41.6
pushpins;100;1;pcreg_cls;372;0.6151;0.5266;0.7146;56.8
pushpins;200;1;pcreg_cls;372;0.6846;0.6004;0.7791;77.3
pushpins;25;1;pcreg_cls;372;0.5217;0.4533;0.5984;44.5
pushpins;50;1;pcreg_cls;372;0.5701;0.4912;0.6588;48.0
pushpins;full;1;pcreg_cls;372;0.7317;0.6464;0.8276;115.3
pushpins;10;2;pcreg_cls;372;0.5144;0.4404;0.5974;42.4
pushpins;100;2;pcreg_cls;372;0.6223;0.5455;0.7086;55.7
pushpins;200;2;pcreg_cls;372;0.7007;0.6169;0.7948;74.4
pushpins;25;2;pcreg_cls;372;0.5213;0.4416;0.6108;45.2
pushpins;50;2;pcreg_cls;372;0.5707;0.5158;0.6323;48.6
pushpins;full;2;pcreg_cls;372;0.7317;0.6464;0.8276;115.3
pushpins;10;0;pcreg_uniform;372;0.6108;0.5649;0.6624;50.4
pushpins;100;0;pcreg_uniform;372;0.5924;0.5373;0.6544;59.1
pushpins;200;0;pcreg_uniform;372;0.6612;0.6279;0.6986;64.0
pushpins;25;0;pcreg_uniform;372;0.5785;0.5253;0.6383;57.4
pushpins;50;0;pcreg_uniform;372;0.5818;0.528;0.6422;48.9
pushpins;full;0;pcreg_uniform;372;0.7086;0.6878;0.7321;87.1
pushpins;10;1;pcreg_uniform;372;0.492;0.4244;0.5681;31.1
pushpins;100;1;pcreg_uniform;372;0.617;0.5592;0.6819;41.4
pushpins;200;1;pcreg_uniform;372;0.6601;0.6218;0.7033;51.8
pushpins;25;1;pcreg_uniform;372;0.512;0.443;0.5896;33.8
pushpins;50;1;pcreg_uniform;372;0.5669;0.5117;0.6289;36.9
pushpins;full;1;pcreg_uniform;372;0.7086;0.6878;0.7321;87.1
pushpins;10;2;pcreg_uniform;372;0.5195;0.4525;0.5948;32.9
pushpins;100;2;pcreg_uniform;372;0.6078;0.5573;0.6645;47.0
pushpins;200;2;pcreg_uniform;372;0.6753;0.6417;0.7129;60.2
pushpins;25;2;pcreg_uniform;372;0.5194;0.4426;0.6057;36.8
pushpins;50;2;pcreg_uniform;372;0.5703;0.5054;0.6431;41.3
pushpins;full;2;pcreg_uniform;372;0.7086;0.6878;0.7321;87.1
screw_bag;10;0;dual;360;0.5901;0.5464;0.663;123.3
screw_bag;100;0;dual;360;0.6747;0.5945;0.8088;171.4
screw_bag;200;0;dual;360;0.7404;0.6569;0.88;203.7
screw_bag;25;0;dual;360;0.5911;0.5296;0.6939;146.0
screw_bag;50;0;dual;360;0.6669;0.5951;0.7869;148.9
screw_bag;full;0;dual;360;0.7582;0.6885;0.8747;216.0
screw_bag;10;1;dual;360;0.667;0.6167;0.7509;97.3
screw_bag;100;1;dual;360;0.6892;0.6094;0.8226;152.3
screw_bag;200;1;dual;360;0.7088;0.6112;0.8718;154.0
screw_bag;25;1;dual;360;0.5824;0.5279;0.6735;112.1
screw_bag;50;1;dual;360;0.6633;0.6011;0.7674;133.1
screw_bag;full;1;dual;360;0.7582;0.6885;0.8747;216.0
screw_bag;10;2;dual;360;0.6709;0.6386;0.7249;94.9
screw_bag;100;2;dual;360;0.6911;0.6127;0.8221;154.5
screw_bag;200;2;dual;360;0.7076;0.6122;0.8669;120.1
screw_bag;25;2;dual;360;0.6496;0.5933;0.7435;101.6
screw_bag;50;2;dual;360;0.6947;0.6423;0.7823;122.5
screw_bag;full;2;dual;360;0.7582;0.6885;0.8747;216.0
screw_bag;10;0;meansub;360;0.6927;0.6647;0.7394;44.0
screw_bag;100;0;meansub;360;0.7854;0.7547;0.8368;49.7
screw_bag;200;0;meansub;360;0.7953;0.756;0.861;54.9
screw_bag;25;0;meansub;360;0.7616;0.743;0.7927;43.4
screw_bag;50;0;meansub;360;0.7946;0.7664;0.8418;41.5
screw_bag;full;0;meansub;360;0.7708;0.7239;0.8492;68.0
screw_bag;10;1;meansub;360;0.6627;0.626;0.7241;29.3
screw_bag;100;1;meansub;360;0.7901;0.7611;0.8386;34.8
screw_bag;200;1;meansub;360;0.7816;0.741;0.8494;43.7
screw_bag;25;1;meansub;360;0.7535;0.7326;0.7886;31.0
screw_bag;50;1;meansub;360;0.784;0.7613;0.822;32.4
screw_bag;full;1;meansub;360;0.7708;0.7239;0.8492;68.0
screw_bag;10;2;meansub;360;0.6438;0.6341;0.6599;31.1
screw_bag;100;2;meansub;360;0.7485;0.7118;0.8099;35.8
screw_bag;200;2;meansub;360;0.7583;0.7094;0.8401;45.3
screw_bag;25;2;meansub;360;0.7029;0.6863;0.7306;32.3
screw_bag;50;2;meansub;360;0.7394;0.7189;0.7736;32.8
screw_bag;full;2;meansub;360;0.7708;0.7239;0.8492;68.0
screw_bag;10;0;padim;360;0.6623;0.6341;0.7094;44.3
screw_bag;100;0;padim;360;0.7706;0.7238;0.8488;44.8
screw_bag;200;0;padim;360;0.78;0.7274;0.8679;48.6
screw_bag;25;0;padim;360;0.7795;0.7525;0.8247;35.3
screw_bag;50;0;padim;360;0.7933;0.7563;0.8553;36.4
screw_bag;full;0;padim;360;0.7529;0.6972;0.8459;61.2
screw_bag;10;1;padim;360;0.6701;0.6426;0.7161;26.0
screw_bag;100;1;padim;360;0.7633;0.7198;0.836;31.7
screw_bag;200;1;padim;360;0.7726;0.7232;0.8552;37.4
screw_bag;25;1;padim;360;0.7204;0.6909;0.7696;27.1
screw_bag;50;1;padim;360;0.7449;0.7213;0.7845;27.2
screw_bag;full;1;padim;360;0.7529;0.6972;0.8459;61.2
screw_bag;10;2;padim;360;0.6279;0.6133;0.6523;24.9
screw_bag;100;2;padim;360;0.7353;0.6889;0.8127;29.3
screw_bag;200;2;padim;360;0.7353;0.6787;0.8299;39.6
screw_bag;25;2;padim;360;0.7079;0.684;0.7479;25.9
screw_bag;50;2;padim;360;0.7364;0.7031;0.792;27.0
screw_bag;full;2;padim;360;0.7529;0.6972;0.8459;61.2
screw_bag;10;0;patchcore_max;360;0.5994;0.4493;0.8504;17.1
screw_bag;100;0;patchcore_max;360;0.6074;0.4429;0.8822;129.8
screw_bag;200;0;patchcore_max;360;0.6529;0.4958;0.9153;224.1
screw_bag;25;0;patchcore_max;360;0.6328;0.4916;0.8687;29.9
screw_bag;50;0;patchcore_max;360;0.6381;0.4888;0.8876;64.6
screw_bag;full;0;patchcore_max;360;0.6477;0.4882;0.914;422.4
screw_bag;10;1;patchcore_max;360;0.63;0.5111;0.8287;6.6
screw_bag;100;1;patchcore_max;360;0.6212;0.4512;0.9052;65.4
screw_bag;200;1;patchcore_max;360;0.6362;0.471;0.9122;152.6
screw_bag;25;1;patchcore_max;360;0.6237;0.4727;0.8759;18.0
screw_bag;50;1;patchcore_max;360;0.6141;0.4484;0.891;31.4
screw_bag;full;1;patchcore_max;360;0.6477;0.4882;0.914;422.4
screw_bag;10;2;patchcore_max;360;0.6331;0.4896;0.8728;6.3
screw_bag;100;2;patchcore_max;360;0.6026;0.4288;0.893;62.8
screw_bag;200;2;patchcore_max;360;0.6333;0.4743;0.899;140.3
screw_bag;25;2;patchcore_max;360;0.6333;0.4898;0.8732;15.3
screw_bag;50;2;patchcore_max;360;0.617;0.4608;0.8778;30.3
screw_bag;full;2;patchcore_max;360;0.6477;0.4882;0.914;422.4
screw_bag;10;0;patchcore_p95;360;0.5504;0.4452;0.7261;17.1
screw_bag;100;0;patchcore_p95;360;0.5815;0.486;0.741;129.8
screw_bag;200;0;patchcore_p95;360;0.6012;0.5009;0.7688;224.1
screw_bag;25;0;patchcore_p95;360;0.5531;0.4547;0.7175;29.9
screw_bag;50;0;patchcore_p95;360;0.5494;0.4471;0.7204;64.6
screw_bag;full;0;patchcore_p95;360;0.6008;0.5033;0.7636;422.4
screw_bag;10;1;patchcore_p95;360;0.6167;0.5273;0.766;6.6
screw_bag;100;1;patchcore_p95;360;0.5883;0.4899;0.7526;65.4
screw_bag;200;1;patchcore_p95;360;0.5924;0.4924;0.7595;152.6
screw_bag;25;1;patchcore_p95;360;0.5747;0.481;0.7312;18.0
screw_bag;50;1;patchcore_p95;360;0.5852;0.4806;0.7601;31.4
screw_bag;full;1;patchcore_p95;360;0.6008;0.5033;0.7636;422.4
screw_bag;10;2;patchcore_p95;360;0.5801;0.4989;0.7157;6.3
screw_bag;100;2;patchcore_p95;360;0.5897;0.4939;0.7498;62.8
screw_bag;200;2;patchcore_p95;360;0.5954;0.5001;0.7546;140.3
screw_bag;25;2;patchcore_p95;360;0.5869;0.489;0.7505;15.3
screw_bag;50;2;patchcore_p95;360;0.5815;0.4898;0.7347;30.3
screw_bag;full;2;patchcore_p95;360;0.6008;0.5033;0.7636;422.4
screw_bag;10;0;pcreg_cls;360;0.5895;0.5468;0.6609;60.7
screw_bag;100;0;pcreg_cls;360;0.6712;0.5868;0.8122;84.3
screw_bag;200;0;pcreg_cls;360;0.7385;0.6458;0.8933;100.5
screw_bag;25;0;pcreg_cls;360;0.5854;0.5248;0.6865;71.9
screw_bag;50;0;pcreg_cls;360;0.6638;0.5916;0.7844;73.4
screw_bag;full;0;pcreg_cls;360;0.8024;0.7293;0.9244;107.1
screw_bag;10;1;pcreg_cls;360;0.6671;0.6162;0.7521;48.2
screw_bag;100;1;pcreg_cls;360;0.6877;0.6082;0.8207;75.2
screw_bag;200;1;pcreg_cls;360;0.6987;0.5909;0.8788;76.3
screw_bag;25;1;pcreg_cls;360;0.5795;0.5244;0.6715;55.6
screw_bag;50;1;pcreg_cls;360;0.6603;0.5973;0.7654;65.9
screw_bag;full;1;pcreg_cls;360;0.8024;0.7293;0.9244;107.1
screw_bag;10;2;pcreg_cls;360;0.6695;0.637;0.7239;47.0
screw_bag;100;2;pcreg_cls;360;0.6846;0.6041;0.8192;76.3
screw_bag;200;2;pcreg_cls;360;0.6917;0.5874;0.8661;59.6
screw_bag;25;2;pcreg_cls;360;0.6479;0.5923;0.7409;50.3
screw_bag;50;2;pcreg_cls;360;0.6946;0.6427;0.7812;60.6
screw_bag;full;2;pcreg_cls;360;0.8024;0.7293;0.9244;107.1
screw_bag;10;0;pcreg_uniform;360;0.5835;0.5425;0.6521;53.0
screw_bag;100;0;pcreg_uniform;360;0.6259;0.5573;0.7407;63.8
screw_bag;200;0;pcreg_uniform;360;0.6666;0.5955;0.7855;62.7
screw_bag;25;0;pcreg_uniform;360;0.6548;0.5924;0.7591;60.9
screw_bag;50;0;pcreg_uniform;360;0.6567;0.5974;0.7557;57.0
screw_bag;full;0;pcreg_uniform;360;0.7403;0.6852;0.8324;81.8
screw_bag;10;1;pcreg_uniform;360;0.5962;0.5708;0.6386;35.8
screw_bag;100;1;pcreg_uniform;360;0.6339;0.5542;0.767;46.0
screw_bag;200;1;pcreg_uniform;360;0.6393;0.5594;0.773;57.1
screw_bag;25;1;pcreg_uniform;360;0.5616;0.5102;0.6473;40.2
screw_bag;50;1;pcreg_uniform;360;0.6188;0.5534;0.7281;41.9
screw_bag;full;1;pcreg_uniform;360;0.7403;0.6852;0.8324;81.8
screw_bag;10;2;pcreg_uniform;360;0.6461;0.6021;0.7196;38.9
screw_bag;100;2;pcreg_uniform;360;0.6419;0.5668;0.7674;55.6
screw_bag;200;2;pcreg_uniform;360;0.6383;0.557;0.7741;49.8
screw_bag;25;2;pcreg_uniform;360;0.6104;0.5521;0.7079;44.0
screw_bag;50;2;pcreg_uniform;360;0.6503;0.6008;0.733;50.5
screw_bag;full;2;pcreg_uniform;360;0.7403;0.6852;0.8324;81.8
splicing_connectors;10;0;dual;360;0.6098;0.659;0.5473;114.7
splicing_connectors;100;0;dual;360;0.774;0.807;0.732;163.0
splicing_connectors;200;0;dual;360;0.8547;0.864;0.8428;169.4
splicing_connectors;25;0;dual;360;0.6745;0.7221;0.614;137.1
splicing_connectors;50;0;dual;360;0.7138;0.7526;0.6646;133.5
splicing_connectors;full;0;dual;360;0.9016;0.8993;0.9044;229.3
splicing_connectors;10;1;dual;360;0.5749;0.6293;0.5058;83.2
splicing_connectors;100;1;dual;360;0.7619;0.7988;0.7151;114.6
splicing_connectors;200;1;dual;360;0.8502;0.8629;0.8341;154.4
splicing_connectors;25;1;dual;360;0.6808;0.7492;0.594;89.5
splicing_connectors;50;1;dual;360;0.7164;0.7665;0.6527;97.0
splicing_connectors;full;1;dual;360;0.9016;0.8993;0.9044;229.3
splicing_connectors;10;2;dual;360;0.6048;0.6851;0.5028;84.6
splicing_connectors;100;2;dual;360;0.7566;0.8161;0.681;113.1
splicing_connectors;200;2;dual;360;0.8602;0.8729;0.8441;149.9
splicing_connectors;25;2;dual;360;0.6448;0.7137;0.5574;90.6
splicing_connectors;50;2;dual;360;0.7042;0.7698;0.6208;97.7
splicing_connectors;full;2;dual;360;0.9016;0.8993;0.9044;229.3
splicing_connectors;10;0;meansub;360;0.5026;0.5204;0.4801;42.4
splicing_connectors;100;0;meansub;360;0.6808;0.6993;0.6573;48.7
splicing_connectors;200;0;meansub;360;0.6841;0.7053;0.6571;53.9
splicing_connectors;25;0;meansub;360;0.5974;0.6207;0.5679;38.5
splicing_connectors;50;0;meansub;360;0.6475;0.6688;0.6205;39.2
splicing_connectors;full;0;meansub;360;0.6995;0.7173;0.6768;70.0
splicing_connectors;10;1;meansub;360;0.5355;0.5552;0.5103;28.1
splicing_connectors;100;1;meansub;360;0.6498;0.6683;0.6262;39.9
splicing_connectors;200;1;meansub;360;0.6792;0.7045;0.6471;49.1
splicing_connectors;25;1;meansub;360;0.5666;0.5896;0.5373;30.3
splicing_connectors;50;1;meansub;360;0.5988;0.6296;0.5597;32.5
splicing_connectors;full;1;meansub;360;0.6995;0.7173;0.6768;70.0
splicing_connectors;10;2;meansub;360;0.5488;0.6008;0.4827;27.9
splicing_connectors;100;2;meansub;360;0.6518;0.6909;0.602;40.3
splicing_connectors;200;2;meansub;360;0.6787;0.7085;0.6408;52.4
splicing_connectors;25;2;meansub;360;0.6122;0.6537;0.5595;31.4
splicing_connectors;50;2;meansub;360;0.6361;0.6743;0.5875;34.5
splicing_connectors;full;2;meansub;360;0.6995;0.7173;0.6768;70.0
splicing_connectors;10;0;padim;360;0.5114;0.5314;0.4859;42.1
splicing_connectors;100;0;padim;360;0.6872;0.7097;0.6587;51.0
splicing_connectors;200;0;padim;360;0.6917;0.7169;0.6597;57.3
splicing_connectors;25;0;padim;360;0.5984;0.6288;0.5598;35.9
splicing_connectors;50;0;padim;360;0.6458;0.6738;0.6101;39.1
splicing_connectors;full;0;padim;360;0.7101;0.7335;0.6805;73.4
splicing_connectors;10;1;padim;360;0.5402;0.5609;0.5138;27.1
splicing_connectors;100;1;padim;360;0.657;0.6812;0.6262;34.9
splicing_connectors;200;1;padim;360;0.6867;0.7159;0.6496;50.2
splicing_connectors;25;1;padim;360;0.5657;0.5831;0.5436;28.9
splicing_connectors;50;1;padim;360;0.5975;0.6338;0.5514;32.8
splicing_connectors;full;1;padim;360;0.7101;0.7335;0.6805;73.4
splicing_connectors;10;2;padim;360;0.5624;0.6122;0.4992;24.6
splicing_connectors;100;2;padim;360;0.6584;0.7;0.6055;35.2
splicing_connectors;200;2;padim;360;0.6903;0.7218;0.6504;48.5
splicing_connectors;25;2;padim;360;0.6144;0.6538;0.5642;27.2
splicing_connectors;50;2;padim;360;0.6455;0.6832;0.5975;26.9
splicing_connectors;full;2;padim;360;0.7101;0.7335;0.6805;73.4
splicing_connectors;10;0;patchcore_max;360;0.7584;0.6319;0.9192;16.0
splicing_connectors;100;0;patchcore_max;360;0.8379;0.7255;0.9807;124.0
splicing_connectors;200;0;patchcore_max;360;0.8504;0.743;0.987;219.2
splicing_connectors;25;0;patchcore_max;360;0.8064;0.6883;0.9564;30.8
splicing_connectors;50;0;patchcore_max;360;0.805;0.6811;0.9623;65.1
splicing_connectors;full;0;patchcore_max;360;0.8563;0.7537;0.9867;416.7
splicing_connectors;10;1;patchcore_max;360;0.7922;0.6792;0.9357;5.9
splicing_connectors;100;1;patchcore_max;360;0.8229;0.7125;0.9632;75.9
splicing_connectors;200;1;patchcore_max;360;0.8318;0.7201;0.9738;160.2
splicing_connectors;25;1;patchcore_max;360;0.8143;0.7004;0.9591;16.9
splicing_connectors;50;1;patchcore_max;360;0.8147;0.7071;0.9514;35.5
splicing_connectors;full;1;patchcore_max;360;0.8563;0.7537;0.9867;416.7
splicing_connectors;10;2;patchcore_max;360;0.7899;0.6827;0.9261;6.6
splicing_connectors;100;2;patchcore_max;360;0.8286;0.7165;0.9711;67.7
splicing_connectors;200;2;patchcore_max;360;0.8487;0.7449;0.9805;151.5
splicing_connectors;25;2;patchcore_max;360;0.8139;0.7034;0.9542;16.9
splicing_connectors;50;2;patchcore_max;360;0.8272;0.7144;0.9705;34.7
splicing_connectors;full;2;patchcore_max;360;0.8563;0.7537;0.9867;416.7
splicing_connectors;10;0;patchcore_p95;360;0.7052;0.7012;0.7102;16.0
splicing_connectors;100;0;patchcore_p95;360;0.8042;0.8064;0.8015;124.0
splicing_connectors;200;0;patchcore_p95;360;0.8219;0.8208;0.8233;219.2
splicing_connectors;25;0;patchcore_p95;360;0.7686;0.7651;0.7731;30.8
splicing_connectors;50;0;patchcore_p95;360;0.7868;0.783;0.7916;65.1
splicing_connectors;full;0;patchcore_p95;360;0.8452;0.8433;0.8476;416.7
splicing_connectors;10;1;patchcore_p95;360;0.7095;0.7109;0.7079;5.9
splicing_connectors;100;1;patchcore_p95;360;0.7977;0.7946;0.8016;75.9
splicing_connectors;200;1;patchcore_p95;360;0.8156;0.8212;0.8085;160.2
splicing_connectors;25;1;patchcore_p95;360;0.7452;0.7463;0.7436;16.9
splicing_connectors;50;1;patchcore_p95;360;0.7798;0.7712;0.7907;35.5
splicing_connectors;full;1;patchcore_p95;360;0.8452;0.8433;0.8476;416.7
splicing_connectors;10;2;patchcore_p95;360;0.7355;0.7305;0.7418;6.6
splicing_connectors;100;2;patchcore_p95;360;0.8028;0.7972;0.81;67.7
splicing_connectors;200;2;patchcore_p95;360;0.8251;0.8235;0.8272;151.5
splicing_connectors;25;2;patchcore_p95;360;0.7683;0.7774;0.7567;16.9
splicing_connectors;50;2;patchcore_p95;360;0.7699;0.7777;0.7601;34.7
splicing_connectors;full;2;patchcore_p95;360;0.8452;0.8433;0.8476;416.7
splicing_connectors;10;0;pcreg_cls;360;0.5634;0.5896;0.5301;56.7
splicing_connectors;100;0;pcreg_cls;360;0.7302;0.7562;0.6971;80.6
splicing_connectors;200;0;pcreg_cls;360;0.8174;0.817;0.8179;83.9
splicing_connectors;25;0;pcreg_cls;360;0.6287;0.6656;0.5819;67.7
splicing_connectors;50;0;pcreg_cls;360;0.6586;0.6893;0.6197;65.9
splicing_connectors;full;0;pcreg_cls;360;0.8689;0.8409;0.9046;113.8
splicing_connectors;10;1;pcreg_cls;360;0.5239;0.5516;0.4887;41.2
splicing_connectors;100;1;pcreg_cls;360;0.7147;0.7487;0.6716;56.7
splicing_connectors;200;1;pcreg_cls;360;0.8102;0.8092;0.8116;76.4
splicing_connectors;25;1;pcreg_cls;360;0.6128;0.6619;0.5504;44.2
splicing_connectors;50;1;pcreg_cls;360;0.659;0.6972;0.6105;48.0
splicing_connectors;full;1;pcreg_cls;360;0.8689;0.8409;0.9046;113.8
splicing_connectors;10;2;pcreg_cls;360;0.583;0.6525;0.4946;41.8
splicing_connectors;100;2;pcreg_cls;360;0.7091;0.7674;0.6351;56.0
splicing_connectors;200;2;pcreg_cls;360;0.8206;0.8198;0.8216;74.3
splicing_connectors;25;2;pcreg_cls;360;0.6123;0.6748;0.5329;44.8
splicing_connectors;50;2;pcreg_cls;360;0.6687;0.7323;0.5878;48.3
splicing_connectors;full;2;pcreg_cls;360;0.8689;0.8409;0.9046;113.8
splicing_connectors;10;0;pcreg_uniform;360;0.5347;0.5631;0.4987;50.0
splicing_connectors;100;0;pcreg_uniform;360;0.7149;0.7511;0.6688;59.1
splicing_connectors;200;0;pcreg_uniform;360;0.7732;0.7917;0.7497;64.0
splicing_connectors;25;0;pcreg_uniform;360;0.6167;0.6617;0.5596;57.2
splicing_connectors;50;0;pcreg_uniform;360;0.6695;0.7028;0.6271;49.0
splicing_connectors;full;0;pcreg_uniform;360;0.81;0.8314;0.7829;88.1
splicing_connectors;10;1;pcreg_uniform;360;0.5487;0.5889;0.4977;32.0
splicing_connectors;100;1;pcreg_uniform;360;0.6933;0.7244;0.6538;42.2
splicing_connectors;200;1;pcreg_uniform;360;0.7675;0.7891;0.7401;52.0
splicing_connectors;25;1;pcreg_uniform;360;0.604;0.6599;0.5331;36.2
splicing_connectors;50;1;pcreg_uniform;360;0.6424;0.6857;0.5874;38.2
splicing_connectors;full;1;pcreg_uniform;360;0.81;0.8314;0.7829;88.1
splicing_connectors;10;2;pcreg_uniform;360;0.5942;0.6621;0.5081;33.0
splicing_connectors;100;2;pcreg_uniform;360;0.6983;0.7547;0.6266;47.5
splicing_connectors;200;2;pcreg_uniform;360;0.7776;0.8063;0.7413;60.3
splicing_connectors;25;2;pcreg_uniform;360;0.6313;0.689;0.5579;36.5
splicing_connectors;50;2;pcreg_uniform;360;0.6619;0.7227;0.5846;41.4
splicing_connectors;full;2;pcreg_uniform;360;0.81;0.8314;0.7829;88.1
