timestamp;dataset;category;auroc_image;pixel_auroc;aupro
2026-03-02T21:25:53.392947;MVTec_AD;bottle;0.9984;0.9768;0.9005
2026-03-02T21:27:25.805828;MVTec_AD;cable;0.9721;0.9618;0.8514
2026-03-02T21:28:59.047554;MVTec_AD;capsule;0.9617;0.9882;0.9316
2026-03-02T21:30:32.412693;MVTec_AD;carpet;0.9719;0.9824;0.8412
2026-03-02T21:32:02.360905;MVTec_AD;grid;0.9925;0.9428;0.7770
2026-03-02T21:33:39.514473;MVTec_AD;hazelnut;0.9307;0.9856;0.8922
2026-03-02T21:35:10.496295;MVTec_AD;leather;1.0000;0.9641;0.8505
2026-03-02T21:36:41.062711;MVTec_AD;metal_nut;0.9809;0.9713;0.7923
2026-03-02T21:38:24.357186;MVTec_AD;pill;0.9831;0.9678;0.9114
2026-03-02T21:40:02.433163;MVTec_AD;screw;0.8428;0.9875;0.9298
2026-03-02T21:41:31.485542;MVTec_AD;tile;1.0000;0.9653;0.8224
2026-03-02T21:42:47.950659;MVTec_AD;toothbrush;0.9694;0.9881;0.9295
2026-03-02T21:44:19.930898;MVTec_AD;transistor;0.9900;0.9744;0.8872
2026-03-02T21:45:49.471079;MVTec_AD;wood;0.8719;0.8821;0.6128
2026-03-02T21:47:25.076292;MVTec_AD;zipper;0.9979;0.9604;0.8626
2026-03-02T21:49:41.142273;VisA;candle;0.9367;0.9917;0.9542
2026-03-02T21:51:34.945763;VisA;capsules;0.7770;0.9784;0.8940
2026-03-02T21:53:18.218669;VisA;cashew;0.9658;0.9909;0.8034
2026-03-02T21:55:03.643100;VisA;chewinggum;0.9770;0.9799;0.8732
2026-03-02T21:56:50.979173;VisA;fryum;0.8852;0.9571;0.7217
2026-03-02T21:59:12.953194;VisA;macaroni1;0.7684;0.9831;0.9206
2026-03-02T22:01:29.687172;VisA;macaroni2;0.6908;0.9484;0.7806
2026-03-02T22:03:45.625333;VisA;pcb1;0.9121;0.9926;0.9275
2026-03-02T22:06:01.352451;VisA;pcb2;0.8112;0.9787;0.8092
2026-03-02T22:08:17.374257;VisA;pcb3;0.8438;0.9781;0.7931
2026-03-02T22:10:33.928714;VisA;pcb4;0.9414;0.9648;0.8188
2026-03-02T22:12:20.988987;VisA;pipe_fryum;0.8214;0.9888;0.8516
2026-03-02T22:14:02.630378;LOCO_str;breakfast_box;0.7704;0.9802;0.8427
2026-03-02T22:15:45.408335;LOCO_str;juice_bottle;0.9390;0.9480;0.9436
2026-03-02T22:17:33.374039;LOCO_str;pushpins;0.7232;0.9343;0.7529
2026-03-02T22:19:20.885431;LOCO_str;screw_bag;0.8381;0.9343;0.6972
2026-03-02T22:21:05.223653;LOCO_str;splicing_connectors;0.7641;0.9736;0.8237
