backbone;dataset;category;method;auroc;logical;structural
vitL;loco;breakfast_box;uniform_cal;0.8319165816615663;0.9304275927238366;0.7410675381263616
vitL;loco;breakfast_box;uniform_raw;0.8303864898560581;0.8954642097802977;0.7703703703703704
vitL;loco;breakfast_box;cls_cal;0.8829763119120481;0.9500354358610914;0.8211328976034858
vitL;loco;breakfast_box;cls_raw;0.8726623597415845;0.8908575478384125;0.8558823529411764
vitL;loco;breakfast_box;padim_cal;0.7524084778420037;0.796834396409166;0.711437908496732
vitL;loco;breakfast_box;padim_raw;0.7477615323586082;0.7859083392393102;0.7125816993464053
vitL;loco;breakfast_box;meansub_cal;0.7667460047602856;0.8202220647295063;0.7174291938997822
vitL;loco;breakfast_box;meansub_raw;0.7581038195625069;0.7942357665957949;0.7247821350762527
vitL;loco;breakfast_box;patchcore_p95;0.7859004873625751;0.867351759981101;0.7107843137254902
vitL;loco;breakfast_box;patchcore_max;0.864275189844724;0.7613985353177416;0.9591503267973855
vitL;loco;breakfast_box;quad;0.8867165363255128;0.9531065438223483;0.8254901960784314
vitL;loco;breakfast_box;gap;0.8451207072424345;0.9492085991022915;0.7491285403050109
vitL;loco;breakfast_box;dual_final;0.9071177603989573;0.9609024332624616;0.8575163398692811
vitL;loco;breakfast_box;dual_paper;0.8760058936869545;0.9011339475549257;0.8528322440087147
vitL;loco;breakfast_box;dual_cal+gap;0.8862631757905474;0.9565320103945193;0.8214596949891069
vitL;loco;breakfast_box;dual_raw+quad;0.9032641958517512;0.9487361209544058;0.8613289760348584
vitL;loco;breakfast_box;dual_cal+gap+quad;0.9087045222713362;0.9635010630758327;0.8581699346405229
vitL;loco;breakfast_box;dual_uniform;0.8832596622464013;0.957595086227262;0.8147058823529412
vitL;loco;breakfast_box;dual_a0.2;0.9023574747818203;0.9558232931726907;0.8530501089324619
vitL;loco;breakfast_box;dual_a0.3;0.9044542672560354;0.9568863690054336;0.8561002178649237
vitL;loco;breakfast_box;dual_a0.7;0.9087611923382068;0.9631467044649186;0.8586056644880175
vitL;loco;breakfast_box;dual_maxz;0.8966337980278817;0.9509803921568628;0.8465141612200436
vitL;loco;juice_bottle;uniform_cal;0.9573566534439235;0.9685346119268805;0.9404708012675419
vitL;loco;juice_bottle;uniform_raw;0.9506175622069961;0.958420737189092;0.9388297872340425
vitL;loco;juice_bottle;cls_cal;0.9780021637216012;0.9740035960443512;0.9840425531914894
vitL;loco;juice_bottle;cls_raw;0.9549224666426254;0.9442613125561883;0.9710276143051154
vitL;loco;juice_bottle;padim_cal;0.8678777497295349;0.8894216362001798;0.8353327297419647
vitL;loco;juice_bottle;padim_raw;0.8501172015867291;0.8819298771351514;0.8020597555454957
vitL;loco;juice_bottle;meansub_cal;0.8718445726649838;0.8944411147737489;0.8377093707559982
vitL;loco;juice_bottle;meansub_raw;0.8544671835557159;0.8875486964339226;0.8044929832503395
vitL;loco;juice_bottle;patchcore_p95;0.907365668950595;0.9070272700029968;0.9078768673607968
vitL;loco;juice_bottle;patchcore_max;0.8908672917417959;0.8431974827689541;0.9628791308284291
vitL;loco;juice_bottle;quad;0.9649296790479625;0.9721306562780943;0.954051607062019
vitL;loco;juice_bottle;gap;0.966913090515687;0.9757267006293078;0.9535989135355365
vitL;loco;juice_bottle;dual_final;0.9696177425171296;0.9749026071321546;0.9616342236306021
vitL;loco;juice_bottle;dual_paper;0.9616840966462316;0.9537758465687743;0.9736306020823902
vitL;loco;juice_bottle;dual_cal+gap;0.9805265055896141;0.9781240635301168;0.98415572657311
vitL;loco;juice_bottle;dual_raw+quad;0.9674990984493329;0.9729547497752473;0.9592575826165686
vitL;loco;juice_bottle;dual_cal+gap+quad;0.9731788676523621;0.9771501348516631;0.9671797193300136
vitL;loco;juice_bottle;dual_uniform;0.9659664623151821;0.9733293377284986;0.9548438207333635
vitL;loco;juice_bottle;dual_a0.2;0.966417237648756;0.9727299970032964;0.9568809416025351
vitL;loco;juice_bottle;dual_a0.3;0.9670483231157591;0.9729547497752473;0.9581258488003621
vitL;loco;juice_bottle;dual_a0.7;0.9736296429859358;0.9772999700329638;0.9680851063829787
vitL;loco;juice_bottle;dual_maxz;0.9649296790479625;0.9721306562780943;0.954051607062019
vitL;loco;pushpins;uniform_cal;0.7084597236265588;0.6878483835005574;0.7316156736446592
vitL;loco;pushpins;uniform_raw;0.7008973710819009;0.6809603440038222;0.7232957595276436
vitL;loco;pushpins;cls_cal;0.7316312773845635;0.6465201465201466;0.8272499552692789
vitL;loco;pushpins;cls_raw;0.7273972025615099;0.6310320114667941;0.8356593308284129
vitL;loco;pushpins;padim_cal;0.619649477586788;0.5418856505813028;0.7070137770620862
vitL;loco;pushpins;padim_raw;0.6320146612740142;0.5563385889472846;0.7170334585793523
vitL;loco;pushpins;meansub_cal;0.6390714526457701;0.5812231247013856;0.7040615494721775
vitL;loco;pushpins;meansub_raw;0.6334470845972363;0.5584886128364389;0.7176596886741814
vitL;loco;pushpins;patchcore_p95;0.6307718233906303;0.6007326007326007;0.6645195920558239
vitL;loco;pushpins;patchcore_max;0.7595635321873947;0.6739926739926739;0.8556986938629451
vitL;loco;pushpins;quad;0.7264492753623188;0.7413600891861761;0.7096976203256397
vitL;loco;pushpins;gap;0.7453656892483991;0.7486064659977703;0.7417248166040437
vitL;loco;pushpins;dual_final;0.7470508931580723;0.7255136168179646;0.7712470925031312
vitL;loco;pushpins;dual_paper;0.7357178968655207;0.650103519668737;0.8319019502594381
vitL;loco;pushpins;dual_cal+gap;0.7412369396697001;0.6646759038063386;0.8272499552692789
vitL;loco;pushpins;dual_raw+quad;0.7472615436467812;0.7220895046982003;0.7755412417248166
vitL;loco;pushpins;dual_cal+gap+quad;0.7494101786316144;0.7114190157668419;0.7920916085167292
vitL;loco;pushpins;dual_uniform;0.7312521065048871;0.7355470616340182;0.7264269100017892
vitL;loco;pushpins;dual_a0.2;0.7356757667677788;0.7367415193502149;0.7344784397924494
vitL;loco;pushpins;dual_a0.3;0.7398045163464779;0.7333970377448639;0.7470030416890321
vitL;loco;pushpins;dual_a0.7;0.749031007751938;0.7072782290173595;0.7959384505278224
vitL;loco;pushpins;dual_maxz;0.7553083923154702;0.7129319955406912;0.8029164430130613
vitL;loco;screw_bag;uniform_cal;0.7404371584699453;0.6854134258705277;0.8323670531787285
vitL;loco;screw_bag;uniform_raw;0.7383224792274871;0.6784432212516454;0.8383646541383446
vitL;loco;screw_bag;cls_cal;0.8022681338423534;0.7292688763910495;0.9242303078768492
vitL;loco;screw_bag;cls_raw;0.7781083913466577;0.6974093574249133;0.9129348260695722
vitL;loco;screw_bag;padim_cal;0.7528258103151433;0.697319612301065;0.8455617752898841
vitL;loco;screw_bag;padim_raw;0.7489333033909724;0.6927126959435204;0.8428628548580568
vitL;loco;screw_bag;meansub_cal;0.7709035107418221;0.7240038291252842;0.8492602958816473
vitL;loco;screw_bag;meansub_raw;0.7481098884647054;0.6931913366040446;0.8398640543782487
vitL;loco;screw_bag;patchcore_p95;0.6007560446141178;0.5032906545411032;0.76359456217513
vitL;loco;screw_bag;patchcore_max;0.6476532674601393;0.4882134737345938;0.9140343862455018
vitL;loco;screw_bag;quad;0.7250542705292313;0.6642335766423358;0.8266693322670932
vitL;loco;screw_bag;gap;0.7138633131222396;0.6580710781380879;0.807077169132347
vitL;loco;screw_bag;dual_final;0.7582902911894602;0.6885245901639344;0.8748500599760095
vitL;loco;screw_bag;dual_paper;0.7776031140055393;0.6970204618882374;0.912235105957617
vitL;loco;screw_bag;dual_cal+gap;0.8015944307208623;0.7292090463084839;0.9225309876049581
vitL;loco;screw_bag;dual_raw+quad;0.7531252339246949;0.6787722867057556;0.8773490603758498
vitL;loco;screw_bag;dual_cal+gap+quad;0.773935174788532;0.7023453392365682;0.8935425829668133
vitL;loco;screw_bag;dual_uniform;0.7355340968635377;0.6764389134857006;0.8342662934826071
vitL;loco;screw_bag;dual_a0.2;0.736844075155326;0.6720114873758527;0.8451619352259095
vitL;loco;screw_bag;dual_a0.3;0.7432442548094916;0.6761995931554385;0.8552578968412635
vitL;loco;screw_bag;dual_a0.7;0.777153978591212;0.7051573531171472;0.8974410235905638
vitL;loco;screw_bag;dual_maxz;0.7317538737929485;0.669498623908101;0.835765693722511
vitL;loco;splicing_connectors;uniform_cal;0.8098576218051988;0.8313103018985373;0.7826000988630746
vitL;loco;splicing_connectors;uniform_raw;0.7956851134236078;0.8204170557111734;0.7642609985170539
vitL;loco;splicing_connectors;cls_cal;0.8689423956110941;0.8410364145658262;0.9043994068215522
vitL;loco;splicing_connectors;cls_raw;0.8435799190142378;0.8212729536258949;0.8719228868017795
vitL;loco;splicing_connectors;padim_cal;0.7099751817825575;0.733582321817616;0.6799802273850717
vitL;loco;splicing_connectors;padim_raw;0.6995689467496844;0.7298085901027077;0.6611468116658428
vitL;loco;splicing_connectors;meansub_cal;0.6995689467496842;0.7172424525365703;0.6771131982204647
vitL;loco;splicing_connectors;meansub_raw;0.6908608002786606;0.7161142234671647;0.658774097874444
vitL;loco;splicing_connectors;patchcore_p95;0.8451691557451996;0.8432928727046375;0.84755313890262
vitL;loco;splicing_connectors;patchcore_max;0.8562720424957547;0.7536570183629008;0.986653484923381
vitL;loco;splicing_connectors;quad;0.8897113249444856;0.9109866168689699;0.862679189322788
vitL;loco;splicing_connectors;gap;0.897635738233117;0.8984593837535014;0.8965892239248641
vitL;loco;splicing_connectors;dual_final;0.9015544041450777;0.8993152816682228;0.9043994068215522
vitL;loco;splicing_connectors;dual_paper;0.8514390212043367;0.8300653594771242;0.8785961443400889
vitL;loco;splicing_connectors;dual_cal+gap;0.8754735054643619;0.8498288204170558;0.9080573405832921
vitL;loco;splicing_connectors;dual_raw+quad;0.8928027169416991;0.8927015250544661;0.8929312901631241
vitL;loco;splicing_connectors;dual_cal+gap+quad;0.9002917229067793;0.8916900093370682;0.911220958971824
vitL;loco;splicing_connectors;dual_uniform;0.8729046022554098;0.8960473078120136;0.8434997528423134
vitL;loco;splicing_connectors;dual_a0.2;0.895763486741847;0.9061624649859944;0.8825506673257538
vitL;loco;splicing_connectors;dual_a0.3;0.8985500936125745;0.9033613445378152;0.8924369747899159
vitL;loco;splicing_connectors;dual_a0.7;0.8987242565419951;0.8890445066915655;0.9110232328225408
vitL;loco;splicing_connectors;dual_maxz;0.8959376496712674;0.91051976346094;0.8774097874443896
vitL;mvtec;bottle;uniform_cal;0.9992063492063492;;
vitL;mvtec;bottle;uniform_raw;0.9984126984126984;;
vitL;mvtec;bottle;cls_cal;1.0;;
vitL;mvtec;bottle;cls_raw;1.0;;
vitL;mvtec;bottle;padim_cal;0.9992063492063492;;
vitL;mvtec;bottle;padim_raw;0.996031746031746;;
vitL;mvtec;bottle;meansub_cal;0.996031746031746;;
vitL;mvtec;bottle;meansub_raw;0.9928571428571429;;
vitL;mvtec;bottle;patchcore_p95;0.9936507936507937;;
vitL;mvtec;bottle;patchcore_max;1.0;;
vitL;mvtec;bottle;quad;0.9984126984126984;;
vitL;mvtec;bottle;gap;0.9992063492063492;;
vitL;mvtec;bottle;dual_final;1.0;;
vitL;mvtec;bottle;dual_paper;1.0;;
vitL;mvtec;bottle;dual_cal+gap;1.0;;
vitL;mvtec;bottle;dual_raw+quad;1.0;;
vitL;mvtec;bottle;dual_cal+gap+quad;1.0;;
vitL;mvtec;bottle;dual_uniform;0.9992063492063492;;
vitL;mvtec;bottle;dual_a0.2;1.0;;
vitL;mvtec;bottle;dual_a0.3;1.0;;
vitL;mvtec;bottle;dual_a0.7;1.0;;
vitL;mvtec;bottle;dual_maxz;1.0;;
vitL;mvtec;cable;uniform_cal;0.9820089955022488;;
vitL;mvtec;cable;uniform_raw;0.9720764617691153;;
vitL;mvtec;cable;cls_cal;0.9829460269865068;;
vitL;mvtec;cable;cls_raw;0.9651424287856073;;
vitL;mvtec;cable;padim_cal;0.9242878560719641;;
vitL;mvtec;cable;padim_raw;0.9031109445277361;;
vitL;mvtec;cable;meansub_cal;0.914167916041979;;
vitL;mvtec;cable;meansub_raw;0.8933658170914542;;
vitL;mvtec;cable;patchcore_p95;0.9778860569715142;;
vitL;mvtec;cable;patchcore_max;0.9709520239880061;;
vitL;mvtec;cable;quad;0.9760119940029985;;
vitL;mvtec;cable;gap;0.9312218890554723;;
vitL;mvtec;cable;dual_final;0.9848200899550225;;
vitL;mvtec;cable;dual_paper;0.9649550224887558;;
vitL;mvtec;cable;dual_cal+gap;0.9833208395802099;;
vitL;mvtec;cable;dual_raw+quad;0.9756371814092953;;
vitL;mvtec;cable;dual_cal+gap+quad;0.9840704647676162;;
vitL;mvtec;cable;dual_uniform;0.9842578710644677;;
vitL;mvtec;cable;dual_a0.2;0.9838830584707645;;
vitL;mvtec;cable;dual_a0.3;0.9836956521739131;;
vitL;mvtec;cable;dual_a0.7;0.983695652173913;;
vitL;mvtec;cable;dual_maxz;0.9829460269865068;;
vitL;mvtec;capsule;uniform_cal;0.9712804148384524;;
vitL;mvtec;capsule;uniform_raw;0.9617072197846032;;
vitL;mvtec;capsule;cls_cal;0.9772636617471082;;
vitL;mvtec;capsule;cls_raw;0.9768647786198643;;
vitL;mvtec;capsule;padim_cal;0.9525329078579976;;
vitL;mvtec;capsule;padim_raw;0.9254088552054247;;
vitL;mvtec;capsule;meansub_cal;0.9569206222576785;;
vitL;mvtec;capsule;meansub_raw;0.9270043877143996;;
vitL;mvtec;capsule;patchcore_p95;0.9381731152772238;;
vitL;mvtec;capsule;patchcore_max;0.9672915835660152;;
vitL;mvtec;capsule;quad;0.9593139210211409;;
vitL;mvtec;capsule;gap;0.9361786996410052;;
vitL;mvtec;capsule;dual_final;0.9808536098923015;;
vitL;mvtec;capsule;dual_paper;0.9776625448743519;;
vitL;mvtec;capsule;dual_cal+gap;0.9780614280015956;;
vitL;mvtec;capsule;dual_raw+quad;0.9780614280015956;;
vitL;mvtec;capsule;dual_cal+gap+quad;0.9792580773833266;;
vitL;mvtec;capsule;dual_uniform;0.9644994016753092;;
vitL;mvtec;capsule;dual_a0.2;0.9716792979656961;;
vitL;mvtec;capsule;dual_a0.3;0.976067012365377;;
vitL;mvtec;capsule;dual_a0.7;0.9804547267650578;;
vitL;mvtec;capsule;dual_maxz;0.9772636617471082;;
vitL;mvtec;carpet;uniform_cal;0.969903691813804;;
vitL;mvtec;carpet;uniform_raw;0.9719101123595505;;
vitL;mvtec;carpet;cls_cal;0.9871589085072231;;
vitL;mvtec;carpet;cls_raw;0.9919743178170145;;
vitL;mvtec;carpet;padim_cal;0.9723113964686998;;
vitL;mvtec;carpet;padim_raw;0.9674959871589085;;
vitL;mvtec;carpet;meansub_cal;0.9622792937399679;;
vitL;mvtec;carpet;meansub_raw;0.9610754414125201;;
vitL;mvtec;carpet;patchcore_p95;0.963884430176565;;
vitL;mvtec;carpet;patchcore_max;0.9891653290529695;;
vitL;mvtec;carpet;quad;0.9201444622792938;;
vitL;mvtec;carpet;gap;0.7792937399678973;;
vitL;mvtec;carpet;dual_final;0.9935794542536116;;
vitL;mvtec;carpet;dual_paper;0.9919743178170145;;
vitL;mvtec;carpet;dual_cal+gap;0.988362760834671;;
vitL;mvtec;carpet;dual_raw+quad;0.9943820224719102;;
vitL;mvtec;carpet;dual_cal+gap+quad;0.992776886035313;;
vitL;mvtec;carpet;dual_uniform;0.963884430176565;;
vitL;mvtec;carpet;dual_a0.2;0.9851524879614766;;
vitL;mvtec;carpet;dual_a0.3;0.9935794542536115;;
vitL;mvtec;carpet;dual_a0.7;0.9907704654895666;;
vitL;mvtec;carpet;dual_maxz;0.9871589085072231;;
vitL;mvtec;grid;uniform_cal;0.9891395154553049;;
vitL;mvtec;grid;uniform_raw;0.9924812030075187;;
vitL;mvtec;grid;cls_cal;0.9966583124477861;;
vitL;mvtec;grid;cls_raw;0.9933166248955723;;
vitL;mvtec;grid;padim_cal;0.9540517961570594;;
vitL;mvtec;grid;padim_raw;0.9657477025898078;;
vitL;mvtec;grid;meansub_cal;0.9423558897243108;;
vitL;mvtec;grid;meansub_raw;0.9523809523809523;;
vitL;mvtec;grid;patchcore_p95;0.9665831244778613;;
vitL;mvtec;grid;patchcore_max;1.0;;
vitL;mvtec;grid;quad;0.9832915622389307;;
vitL;mvtec;grid;gap;0.974937343358396;;
vitL;mvtec;grid;dual_final;0.9974937343358397;;
vitL;mvtec;grid;dual_paper;0.9941520467836257;;
vitL;mvtec;grid;dual_cal+gap;0.9966583124477861;;
vitL;mvtec;grid;dual_raw+quad;0.9941520467836257;;
vitL;mvtec;grid;dual_cal+gap+quad;0.9974937343358395;;
vitL;mvtec;grid;dual_uniform;0.987468671679198;;
vitL;mvtec;grid;dual_a0.2;0.9958228905597327;;
vitL;mvtec;grid;dual_a0.3;0.9958228905597327;;
vitL;mvtec;grid;dual_a0.7;0.9974937343358395;;
vitL;mvtec;grid;dual_maxz;0.9966583124477861;;
vitL;mvtec;hazelnut;uniform_cal;0.9367857142857142;;
vitL;mvtec;hazelnut;uniform_raw;0.9307142857142857;;
vitL;mvtec;hazelnut;cls_cal;0.9860714285714286;;
vitL;mvtec;hazelnut;cls_raw;0.9707142857142856;;
vitL;mvtec;hazelnut;padim_cal;0.8814285714285713;;
vitL;mvtec;hazelnut;padim_raw;0.8514285714285714;;
vitL;mvtec;hazelnut;meansub_cal;0.8746428571428572;;
vitL;mvtec;hazelnut;meansub_raw;0.8478571428571429;;
vitL;mvtec;hazelnut;patchcore_p95;0.9014285714285715;;
vitL;mvtec;hazelnut;patchcore_max;0.9857142857142858;;
vitL;mvtec;hazelnut;quad;0.9125;;
vitL;mvtec;hazelnut;gap;0.9314285714285715;;
vitL;mvtec;hazelnut;dual_final;0.9707142857142858;;
vitL;mvtec;hazelnut;dual_paper;0.9735714285714285;;
vitL;mvtec;hazelnut;dual_cal+gap;0.9871428571428572;;
vitL;mvtec;hazelnut;dual_raw+quad;0.9614285714285713;;
vitL;mvtec;hazelnut;dual_cal+gap+quad;0.9817857142857143;;
vitL;mvtec;hazelnut;dual_uniform;0.9271428571428572;;
vitL;mvtec;hazelnut;dual_a0.2;0.9424999999999999;;
vitL;mvtec;hazelnut;dual_a0.3;0.9521428571428572;;
vitL;mvtec;hazelnut;dual_a0.7;0.9824999999999999;;
vitL;mvtec;hazelnut;dual_maxz;0.9860714285714286;;
vitL;mvtec;leather;uniform_cal;1.0;;
vitL;mvtec;leather;uniform_raw;1.0;;
vitL;mvtec;leather;cls_cal;0.9996603260869565;;
vitL;mvtec;leather;cls_raw;0.9996603260869565;;
vitL;mvtec;leather;padim_cal;0.9983016304347826;;
vitL;mvtec;leather;padim_raw;0.998641304347826;;
vitL;mvtec;leather;meansub_cal;0.9993206521739131;;
vitL;mvtec;leather;meansub_raw;0.9989809782608696;;
vitL;mvtec;leather;patchcore_p95;0.9972826086956522;;
vitL;mvtec;leather;patchcore_max;1.0;;
vitL;mvtec;leather;quad;0.9901494565217391;;
vitL;mvtec;leather;gap;0.9629755434782609;;
vitL;mvtec;leather;dual_final;0.9996603260869565;;
vitL;mvtec;leather;dual_paper;0.9996603260869565;;
vitL;mvtec;leather;dual_cal+gap;0.9996603260869565;;
vitL;mvtec;leather;dual_raw+quad;0.9996603260869565;;
vitL;mvtec;leather;dual_cal+gap+quad;0.9996603260869565;;
vitL;mvtec;leather;dual_uniform;1.0;;
vitL;mvtec;leather;dual_a0.2;1.0;;
vitL;mvtec;leather;dual_a0.3;1.0;;
vitL;mvtec;leather;dual_a0.7;0.9996603260869565;;
vitL;mvtec;leather;dual_maxz;0.9996603260869565;;
vitL;mvtec;metal_nut;uniform_cal;0.978494623655914;;
vitL;mvtec;metal_nut;uniform_raw;0.9809384164222874;;
vitL;mvtec;metal_nut;cls_cal;0.9990224828934506;;
vitL;mvtec;metal_nut;cls_raw;0.998533724340176;;
vitL;mvtec;metal_nut;padim_cal;0.9682306940371457;;
vitL;mvtec;metal_nut;padim_raw;0.9745845552297164;;
vitL;mvtec;metal_nut;meansub_cal;0.9716520039100685;;
vitL;mvtec;metal_nut;meansub_raw;0.9716520039100685;;
vitL;mvtec;metal_nut;patchcore_p95;0.9139784946236559;;
vitL;mvtec;metal_nut;patchcore_max;1.0;;
vitL;mvtec;metal_nut;quad;0.9804496578690127;;
vitL;mvtec;metal_nut;gap;0.9692082111436949;;
vitL;mvtec;metal_nut;dual_final;0.9931573802541545;;
vitL;mvtec;metal_nut;dual_paper;0.998533724340176;;
vitL;mvtec;metal_nut;dual_cal+gap;0.9990224828934506;;
vitL;mvtec;metal_nut;dual_raw+quad;0.9916911045943304;;
vitL;mvtec;metal_nut;dual_cal+gap+quad;0.9956011730205279;;
vitL;mvtec;metal_nut;dual_uniform;0.9809384164222874;;
vitL;mvtec;metal_nut;dual_a0.2;0.9858260019550342;;
vitL;mvtec;metal_nut;dual_a0.3;0.9882697947214076;;
vitL;mvtec;metal_nut;dual_a0.7;0.9970674486803519;;
vitL;mvtec;metal_nut;dual_maxz;0.9990224828934506;;
vitL;mvtec;pill;uniform_cal;0.9844517184942717;;
vitL;mvtec;pill;uniform_raw;0.9830878341516639;;
vitL;mvtec;pill;cls_cal;0.9937261320240044;;
vitL;mvtec;pill;cls_raw;0.9918166939443536;;
vitL;mvtec;pill;padim_cal;0.9582651391162029;;
vitL;mvtec;pill;padim_raw;0.9690398254228041;;
vitL;mvtec;pill;meansub_cal;0.9607201309328969;;
vitL;mvtec;pill;meansub_raw;0.9609929078014184;;
vitL;mvtec;pill;patchcore_p95;0.9405346426623021;;
vitL;mvtec;pill;patchcore_max;0.9926350245499181;;
vitL;mvtec;pill;quad;0.9819967266775778;;
vitL;mvtec;pill;gap;0.9569012547735952;;
vitL;mvtec;pill;dual_final;0.9912711402073104;;
vitL;mvtec;pill;dual_paper;0.9920894708128751;;
vitL;mvtec;pill;dual_cal+gap;0.9934533551554828;;
vitL;mvtec;pill;dual_raw+quad;0.9909983633387889;;
vitL;mvtec;pill;dual_cal+gap+quad;0.9926350245499181;;
vitL;mvtec;pill;dual_uniform;0.9860883797054011;;
vitL;mvtec;pill;dual_a0.2;0.9882705946535734;;
vitL;mvtec;pill;dual_a0.3;0.9893617021276596;;
vitL;mvtec;pill;dual_a0.7;0.9929078014184397;;
vitL;mvtec;pill;dual_maxz;0.9937261320240044;;
vitL;mvtec;screw;uniform_cal;0.8534535765525723;;
vitL;mvtec;screw;uniform_raw;0.8431030948964952;;
vitL;mvtec;screw;cls_cal;0.9626972740315639;;
vitL;mvtec;screw;cls_raw;0.9224226275876204;;
vitL;mvtec;screw;padim_cal;0.742980118876819;;
vitL;mvtec;screw;padim_raw;0.7684976429596229;;
vitL;mvtec;screw;meansub_cal;0.7099815535970484;;
vitL;mvtec;screw;meansub_raw;0.7397007583521213;;
vitL;mvtec;screw;patchcore_p95;0.9026439844230375;;
vitL;mvtec;screw;patchcore_max;0.9657716745234679;;
vitL;mvtec;screw;quad;0.8700553392088543;;
vitL;mvtec;screw;gap;0.8550932568149211;;
vitL;mvtec;screw;dual_final;0.944455831112933;;
vitL;mvtec;screw;dual_paper;0.9270342283254766;;
vitL;mvtec;screw;dual_cal+gap;0.9614675138348022;;
vitL;mvtec;screw;dual_raw+quad;0.9227300676368108;;
vitL;mvtec;screw;dual_cal+gap+quad;0.9536790325886452;;
vitL;mvtec;screw;dual_uniform;0.8837876614060258;;
vitL;mvtec;screw;dual_a0.2;0.9108423857347817;;
vitL;mvtec;screw;dual_a0.3;0.9260094281615086;;
vitL;mvtec;screw;dual_a0.7;0.9544988727198196;;
vitL;mvtec;screw;dual_maxz;0.9626972740315639;;
vitL;mvtec;tile;uniform_cal;1.0;;
vitL;mvtec;tile;uniform_raw;1.0;;
vitL;mvtec;tile;cls_cal;0.9985569985569985;;
vitL;mvtec;tile;cls_raw;0.9992784992784993;;
vitL;mvtec;tile;padim_cal;1.0;;
vitL;mvtec;tile;padim_raw;1.0;;
vitL;mvtec;tile;meansub_cal;1.0;;
vitL;mvtec;tile;meansub_raw;1.0;;
vitL;mvtec;tile;patchcore_p95;1.0;;
vitL;mvtec;tile;patchcore_max;1.0;;
vitL;mvtec;tile;quad;1.0;;
vitL;mvtec;tile;gap;1.0;;
vitL;mvtec;tile;dual_final;1.0;;
vitL;mvtec;tile;dual_paper;0.9992784992784993;;
vitL;mvtec;tile;dual_cal+gap;0.9985569985569985;;
vitL;mvtec;tile;dual_raw+quad;1.0;;
vitL;mvtec;tile;dual_cal+gap+quad;0.9996392496392497;;
vitL;mvtec;tile;dual_uniform;1.0;;
vitL;mvtec;tile;dual_a0.2;1.0;;
vitL;mvtec;tile;dual_a0.3;1.0;;
vitL;mvtec;tile;dual_a0.7;0.9996392496392497;;
vitL;mvtec;tile;dual_maxz;0.9985569985569985;;
vitL;mvtec;toothbrush;uniform_cal;0.9722222222222221;;
vitL;mvtec;toothbrush;uniform_raw;0.9694444444444444;;
vitL;mvtec;toothbrush;cls_cal;0.975;;
vitL;mvtec;toothbrush;cls_raw;0.9666666666666666;;
vitL;mvtec;toothbrush;padim_cal;0.9694444444444444;;
vitL;mvtec;toothbrush;padim_raw;0.9472222222222223;;
vitL;mvtec;toothbrush;meansub_cal;0.9833333333333333;;
vitL;mvtec;toothbrush;meansub_raw;0.9444444444444445;;
vitL;mvtec;toothbrush;patchcore_p95;0.9555555555555555;;
vitL;mvtec;toothbrush;patchcore_max;0.9611111111111111;;
vitL;mvtec;toothbrush;quad;0.986111111111111;;
vitL;mvtec;toothbrush;gap;0.975;;
vitL;mvtec;toothbrush;dual_final;0.9777777777777777;;
vitL;mvtec;toothbrush;dual_paper;0.9666666666666666;;
vitL;mvtec;toothbrush;dual_cal+gap;0.975;;
vitL;mvtec;toothbrush;dual_raw+quad;0.9777777777777777;;
vitL;mvtec;toothbrush;dual_cal+gap+quad;0.9777777777777777;;
vitL;mvtec;toothbrush;dual_uniform;0.9805555555555555;;
vitL;mvtec;toothbrush;dual_a0.2;0.9833333333333334;;
vitL;mvtec;toothbrush;dual_a0.3;0.9805555555555555;;
vitL;mvtec;toothbrush;dual_a0.7;0.9777777777777777;;
vitL;mvtec;toothbrush;dual_maxz;0.975;;
vitL;mvtec;transistor;uniform_cal;0.9875;;
vitL;mvtec;transistor;uniform_raw;0.99;;
vitL;mvtec;transistor;cls_cal;0.99625;;
vitL;mvtec;transistor;cls_raw;0.9945833333333334;;
vitL;mvtec;transistor;padim_cal;0.955;;
vitL;mvtec;transistor;padim_raw;0.9541666666666666;;
vitL;mvtec;transistor;meansub_cal;0.9520833333333334;;
vitL;mvtec;transistor;meansub_raw;0.9529166666666666;;
vitL;mvtec;transistor;patchcore_p95;0.9662499999999999;;
vitL;mvtec;transistor;patchcore_max;0.9745833333333334;;
vitL;mvtec;transistor;quad;0.9841666666666666;;
vitL;mvtec;transistor;gap;0.9525;;
vitL;mvtec;transistor;dual_final;0.9966666666666667;;
vitL;mvtec;transistor;dual_paper;0.9941666666666666;;
vitL;mvtec;transistor;dual_cal+gap;0.99625;;
vitL;mvtec;transistor;dual_raw+quad;0.9937499999999999;;
vitL;mvtec;transistor;dual_cal+gap+quad;0.9958333333333333;;
vitL;mvtec;transistor;dual_uniform;0.9925;;
vitL;mvtec;transistor;dual_a0.2;0.9924999999999999;;
vitL;mvtec;transistor;dual_a0.3;0.9941666666666666;;
vitL;mvtec;transistor;dual_a0.7;0.9958333333333333;;
vitL;mvtec;transistor;dual_maxz;0.99625;;
vitL;mvtec;wood;uniform_cal;0.8675438596491228;;
vitL;mvtec;wood;uniform_raw;0.8710526315789474;;
vitL;mvtec;wood;cls_cal;0.9929824561403509;;
vitL;mvtec;wood;cls_raw;0.9929824561403509;;
vitL;mvtec;wood;padim_cal;0.8947368421052632;;
vitL;mvtec;wood;padim_raw;0.8824561403508772;;
vitL;mvtec;wood;meansub_cal;0.900877192982456;;
vitL;mvtec;wood;meansub_raw;0.9035087719298245;;
vitL;mvtec;wood;patchcore_p95;0.9114035087719298;;
vitL;mvtec;wood;patchcore_max;0.9973684210526315;;
vitL;mvtec;wood;quad;0.8394736842105263;;
vitL;mvtec;wood;gap;0.8157894736842105;;
vitL;mvtec;wood;dual_final;0.9894736842105263;;
vitL;mvtec;wood;dual_paper;0.9929824561403509;;
vitL;mvtec;wood;dual_cal+gap;0.9929824561403509;;
vitL;mvtec;wood;dual_raw+quad;0.9903508771929824;;
vitL;mvtec;wood;dual_cal+gap+quad;0.9912280701754386;;
vitL;mvtec;wood;dual_uniform;0.8543859649122807;;
vitL;mvtec;wood;dual_a0.2;0.9763157894736841;;
vitL;mvtec;wood;dual_a0.3;0.9833333333333333;;
vitL;mvtec;wood;dual_a0.7;0.9912280701754386;;
vitL;mvtec;wood;dual_maxz;0.9929824561403509;;
vitL;mvtec;zipper;uniform_cal;0.9997373949579832;;
vitL;mvtec;zipper;uniform_raw;0.9978991596638656;;
vitL;mvtec;zipper;cls_cal;1.0;;
vitL;mvtec;zipper;cls_raw;0.9984243697478992;;
vitL;mvtec;zipper;padim_cal;0.9981617647058824;;
vitL;mvtec;zipper;padim_raw;0.9978991596638656;;
vitL;mvtec;zipper;meansub_cal;0.9965861344537815;;
vitL;mvtec;zipper;meansub_raw;0.9968487394957983;;
vitL;mvtec;zipper;patchcore_p95;0.9926470588235294;;
vitL;mvtec;zipper;patchcore_max;1.0;;
vitL;mvtec;zipper;quad;0.9971113445378151;;
vitL;mvtec;zipper;gap;0.9976365546218487;;
vitL;mvtec;zipper;dual_final;1.0;;
vitL;mvtec;zipper;dual_paper;0.998686974789916;;
vitL;mvtec;zipper;dual_cal+gap;1.0;;
vitL;mvtec;zipper;dual_raw+quad;0.998686974789916;;
vitL;mvtec;zipper;dual_cal+gap+quad;1.0;;
vitL;mvtec;zipper;dual_uniform;0.9994747899159664;;
vitL;mvtec;zipper;dual_a0.2;0.9997373949579832;;
vitL;mvtec;zipper;dual_a0.3;1.0;;
vitL;mvtec;zipper;dual_a0.7;1.0;;
vitL;mvtec;zipper;dual_maxz;1.0;;
vitL;visa;candle;uniform_cal;0.9371999999999999;;
vitL;visa;candle;uniform_raw;0.93655;;
vitL;visa;candle;cls_cal;0.9496;;
vitL;visa;candle;cls_raw;0.9454;;
vitL;visa;candle;padim_cal;0.9341;;
vitL;visa;candle;padim_raw;0.9303;;
vitL;visa;candle;meansub_cal;0.9314;;
vitL;visa;candle;meansub_raw;0.9289;;
vitL;visa;candle;patchcore_p95;0.9549;;
vitL;visa;candle;patchcore_max;0.968;;
vitL;visa;candle;quad;0.9560000000000001;;
vitL;visa;candle;gap;0.9319999999999999;;
vitL;visa;candle;dual_final;0.9613;;
vitL;visa;candle;dual_paper;0.9497;;
vitL;visa;candle;dual_cal+gap;0.9525999999999999;;
vitL;visa;candle;dual_raw+quad;0.9589;;
vitL;visa;candle;dual_cal+gap+quad;0.9598;;
vitL;visa;candle;dual_uniform;0.9582;;
vitL;visa;candle;dual_a0.2;0.9597;;
vitL;visa;candle;dual_a0.3;0.9607;;
vitL;visa;candle;dual_a0.7;0.9595;;
vitL;visa;candle;dual_maxz;0.9561000000000001;;
vitL;visa;capsules;uniform_cal;0.8271666666666667;;
vitL;visa;capsules;uniform_raw;0.7771666666666668;;
vitL;visa;capsules;cls_cal;0.9725;;
vitL;visa;capsules;cls_raw;0.9321666666666667;;
vitL;visa;capsules;padim_cal;0.794;;
vitL;visa;capsules;padim_raw;0.7360000000000001;;
vitL;visa;capsules;meansub_cal;0.7925;;
vitL;visa;capsules;meansub_raw;0.738;;
vitL;visa;capsules;patchcore_p95;0.8418333333333334;;
vitL;visa;capsules;patchcore_max;0.9678333333333334;;
vitL;visa;capsules;quad;0.8473333333333333;;
vitL;visa;capsules;gap;0.8706666666666667;;
vitL;visa;capsules;dual_final;0.9495;;
vitL;visa;capsules;dual_paper;0.9326666666666666;;
vitL;visa;capsules;dual_cal+gap;0.9716666666666667;;
vitL;visa;capsules;dual_raw+quad;0.9145;;
vitL;visa;capsules;dual_cal+gap+quad;0.9611666666666667;;
vitL;visa;capsules;dual_uniform;0.8486666666666668;;
vitL;visa;capsules;dual_a0.2;0.8988333333333333;;
vitL;visa;capsules;dual_a0.3;0.9199999999999999;;
vitL;visa;capsules;dual_a0.7;0.9653333333333334;;
vitL;visa;capsules;dual_maxz;0.9670000000000001;;
vitL;visa;cashew;uniform_cal;0.962;;
vitL;visa;cashew;uniform_raw;0.9657;;
vitL;visa;cashew;cls_cal;0.9744;;
vitL;visa;cashew;cls_raw;0.964;;
vitL;visa;cashew;padim_cal;0.9491999999999999;;
vitL;visa;cashew;padim_raw;0.9464;;
vitL;visa;cashew;meansub_cal;0.945;;
vitL;visa;cashew;meansub_raw;0.9426;;
vitL;visa;cashew;patchcore_p95;0.9616;;
vitL;visa;cashew;patchcore_max;0.9795;;
vitL;visa;cashew;quad;0.975;;
vitL;visa;cashew;gap;0.9708;;
vitL;visa;cashew;dual_final;0.9852000000000001;;
vitL;visa;cashew;dual_paper;0.9702;;
vitL;visa;cashew;dual_cal+gap;0.9788;;
vitL;visa;cashew;dual_raw+quad;0.9824;;
vitL;visa;cashew;dual_cal+gap+quad;0.9848;;
vitL;visa;cashew;dual_uniform;0.9785999999999999;;
vitL;visa;cashew;dual_a0.2;0.9813999999999999;;
vitL;visa;cashew;dual_a0.3;0.9838;;
vitL;visa;cashew;dual_a0.7;0.9838;;
vitL;visa;cashew;dual_maxz;0.98;;
vitL;visa;chewinggum;uniform_cal;0.9754;;
vitL;visa;chewinggum;uniform_raw;0.977;;
vitL;visa;chewinggum;cls_cal;0.971;;
vitL;visa;chewinggum;cls_raw;0.9688;;
vitL;visa;chewinggum;padim_cal;0.9578;;
vitL;visa;chewinggum;padim_raw;0.9561999999999999;;
vitL;visa;chewinggum;meansub_cal;0.9594;;
vitL;visa;chewinggum;meansub_raw;0.9576;;
vitL;visa;chewinggum;patchcore_p95;0.9534;;
vitL;visa;chewinggum;patchcore_max;0.9938;;
vitL;visa;chewinggum;quad;0.9826;;
vitL;visa;chewinggum;gap;0.9836;;
vitL;visa;chewinggum;dual_final;0.9783999999999999;;
vitL;visa;chewinggum;dual_paper;0.9704;;
vitL;visa;chewinggum;dual_cal+gap;0.9718;;
vitL;visa;chewinggum;dual_raw+quad;0.9787999999999999;;
vitL;visa;chewinggum;dual_cal+gap+quad;0.9764;;
vitL;visa;chewinggum;dual_uniform;0.9812000000000001;;
vitL;visa;chewinggum;dual_a0.2;0.9852;;
vitL;visa;chewinggum;dual_a0.3;0.9826;;
vitL;visa;chewinggum;dual_a0.7;0.9752000000000001;;
vitL;visa;chewinggum;dual_maxz;0.9732;;
vitL;visa;fryum;uniform_cal;0.9120000000000001;;
vitL;visa;fryum;uniform_raw;0.8853;;
vitL;visa;fryum;cls_cal;0.9444;;
vitL;visa;fryum;cls_raw;0.9166000000000001;;
vitL;visa;fryum;padim_cal;0.8558;;
vitL;visa;fryum;padim_raw;0.8392000000000001;;
vitL;visa;fryum;meansub_cal;0.8528;;
vitL;visa;fryum;meansub_raw;0.8356;;
vitL;visa;fryum;patchcore_p95;0.9052;;
vitL;visa;fryum;patchcore_max;0.9862;;
vitL;visa;fryum;quad;0.9603999999999999;;
vitL;visa;fryum;gap;0.9627999999999999;;
vitL;visa;fryum;dual_final;0.9582;;
vitL;visa;fryum;dual_paper;0.9252;;
vitL;visa;fryum;dual_cal+gap;0.947;;
vitL;visa;fryum;dual_raw+quad;0.9454;;
vitL;visa;fryum;dual_cal+gap+quad;0.954;;
vitL;visa;fryum;dual_uniform;0.9406;;
vitL;visa;fryum;dual_a0.2;0.9618;;
vitL;visa;fryum;dual_a0.3;0.9598;;
vitL;visa;fryum;dual_a0.7;0.9525999999999999;;
vitL;visa;fryum;dual_maxz;0.9444;;
vitL;visa;macaroni1;uniform_cal;0.7779;;
vitL;visa;macaroni1;uniform_raw;0.7685;;
vitL;visa;macaroni1;cls_cal;0.8357;;
vitL;visa;macaroni1;cls_raw;0.8347;;
vitL;visa;macaroni1;padim_cal;0.7721999999999999;;
vitL;visa;macaroni1;padim_raw;0.76165;;
vitL;visa;macaroni1;meansub_cal;0.7683;;
vitL;visa;macaroni1;meansub_raw;0.7627;;
vitL;visa;macaroni1;patchcore_p95;0.7398;;
vitL;visa;macaroni1;patchcore_max;0.972;;
vitL;visa;macaroni1;quad;0.7947000000000001;;
vitL;visa;macaroni1;gap;0.8134;;
vitL;visa;macaroni1;dual_final;0.8261000000000001;;
vitL;visa;macaroni1;dual_paper;0.8387;;
vitL;visa;macaroni1;dual_cal+gap;0.8406;;
vitL;visa;macaroni1;dual_raw+quad;0.8236;;
vitL;visa;macaroni1;dual_cal+gap+quad;0.833;;
vitL;visa;macaroni1;dual_uniform;0.7930999999999999;;
vitL;visa;macaroni1;dual_a0.2;0.8110999999999999;;
vitL;visa;macaroni1;dual_a0.3;0.8162;;
vitL;visa;macaroni1;dual_a0.7;0.8324;;
vitL;visa;macaroni1;dual_maxz;0.8285;;
vitL;visa;macaroni2;uniform_cal;0.6922;;
vitL;visa;macaroni2;uniform_raw;0.6905000000000001;;
vitL;visa;macaroni2;cls_cal;0.7332;;
vitL;visa;macaroni2;cls_raw;0.7196;;
vitL;visa;macaroni2;padim_cal;0.6918999999999998;;
vitL;visa;macaroni2;padim_raw;0.6912;;
vitL;visa;macaroni2;meansub_cal;0.6942999999999999;;
vitL;visa;macaroni2;meansub_raw;0.6937;;
vitL;visa;macaroni2;patchcore_p95;0.5719000000000001;;
vitL;visa;macaroni2;patchcore_max;0.9298;;
vitL;visa;macaroni2;quad;0.6978000000000001;;
vitL;visa;macaroni2;gap;0.6324000000000001;;
vitL;visa;macaroni2;dual_final;0.7283999999999999;;
vitL;visa;macaroni2;dual_paper;0.7191;;
vitL;visa;macaroni2;dual_cal+gap;0.7302000000000001;;
vitL;visa;macaroni2;dual_raw+quad;0.7248999999999999;;
vitL;visa;macaroni2;dual_cal+gap+quad;0.7303;;
vitL;visa;macaroni2;dual_uniform;0.7065;;
vitL;visa;macaroni2;dual_a0.2;0.7093;;
vitL;visa;macaroni2;dual_a0.3;0.7150000000000001;;
vitL;visa;macaroni2;dual_a0.7;0.7328000000000001;;
vitL;visa;macaroni2;dual_maxz;0.7313999999999999;;
vitL;visa;pcb1;uniform_cal;0.923;;
vitL;visa;pcb1;uniform_raw;0.91235;;
vitL;visa;pcb1;cls_cal;0.9405;;
vitL;visa;pcb1;cls_raw;0.9263;;
vitL;visa;pcb1;padim_cal;0.8996999999999999;;
vitL;visa;pcb1;padim_raw;0.8984;;
vitL;visa;pcb1;meansub_cal;0.9005;;
vitL;visa;pcb1;meansub_raw;0.8983500000000001;;
vitL;visa;pcb1;patchcore_p95;0.9676;;
vitL;visa;pcb1;patchcore_max;0.9814999999999999;;
vitL;visa;pcb1;quad;0.9733;;
vitL;visa;pcb1;gap;0.9639;;
vitL;visa;pcb1;dual_final;0.9695;;
vitL;visa;pcb1;dual_paper;0.9424000000000001;;
vitL;visa;pcb1;dual_cal+gap;0.9522999999999999;;
vitL;visa;pcb1;dual_raw+quad;0.9685;;
vitL;visa;pcb1;dual_cal+gap+quad;0.9692000000000001;;
vitL;visa;pcb1;dual_uniform;0.9676;;
vitL;visa;pcb1;dual_a0.2;0.9719000000000001;;
vitL;visa;pcb1;dual_a0.3;0.9715;;
vitL;visa;pcb1;dual_a0.7;0.9681;;
vitL;visa;pcb1;dual_maxz;0.9733;;
vitL;visa;pcb2;uniform_cal;0.8264;;
vitL;visa;pcb2;uniform_raw;0.81095;;
vitL;visa;pcb2;cls_cal;0.8577;;
vitL;visa;pcb2;cls_raw;0.83755;;
vitL;visa;pcb2;padim_cal;0.8009999999999999;;
vitL;visa;pcb2;padim_raw;0.79285;;
vitL;visa;pcb2;meansub_cal;0.7957;;
vitL;visa;pcb2;meansub_raw;0.7947;;
vitL;visa;pcb2;patchcore_p95;0.8490000000000001;;
vitL;visa;pcb2;patchcore_max;0.9738;;
vitL;visa;pcb2;quad;0.9206;;
vitL;visa;pcb2;gap;0.9444;;
vitL;visa;pcb2;dual_final;0.9124;;
vitL;visa;pcb2;dual_paper;0.8753;;
vitL;visa;pcb2;dual_cal+gap;0.8889;;
vitL;visa;pcb2;dual_raw+quad;0.9087;;
vitL;visa;pcb2;dual_cal+gap+quad;0.9108999999999999;;
vitL;visa;pcb2;dual_uniform;0.9068999999999999;;
vitL;visa;pcb2;dual_a0.2;0.9187000000000001;;
vitL;visa;pcb2;dual_a0.3;0.9175;;
vitL;visa;pcb2;dual_a0.7;0.9049999999999999;;
vitL;visa;pcb2;dual_maxz;0.9206;;
vitL;visa;pcb3;uniform_cal;0.8482178217821782;;
vitL;visa;pcb3;uniform_raw;0.8436138613861386;;
vitL;visa;pcb3;cls_cal;0.8668316831683168;;
vitL;visa;pcb3;cls_raw;0.8582178217821782;;
vitL;visa;pcb3;padim_cal;0.8394059405940594;;
vitL;visa;pcb3;padim_raw;0.8407920792079209;;
vitL;visa;pcb3;meansub_cal;0.8424752475247524;;
vitL;visa;pcb3;meansub_raw;0.8372277227722772;;
vitL;visa;pcb3;patchcore_p95;0.8818811881188119;;
vitL;visa;pcb3;patchcore_max;0.985049504950495;;
vitL;visa;pcb3;quad;0.9002970297029703;;
vitL;visa;pcb3;gap;0.8836633663366337;;
vitL;visa;pcb3;dual_final;0.8974257425742574;;
vitL;visa;pcb3;dual_paper;0.870990099009901;;
vitL;visa;pcb3;dual_cal+gap;0.8771287128712871;;
vitL;visa;pcb3;dual_raw+quad;0.8907920792079208;;
vitL;visa;pcb3;dual_cal+gap+quad;0.8931683168316831;;
vitL;visa;pcb3;dual_uniform;0.887029702970297;;
vitL;visa;pcb3;dual_a0.2;0.8984158415841584;;
vitL;visa;pcb3;dual_a0.3;0.8975247524752475;;
vitL;visa;pcb3;dual_a0.7;0.8891089108910891;;
vitL;visa;pcb3;dual_maxz;0.8974257425742574;;
vitL;visa;pcb4;uniform_cal;0.9699009900990099;;
vitL;visa;pcb4;uniform_raw;0.9412871287128713;;
vitL;visa;pcb4;cls_cal;0.9773267326732673;;
vitL;visa;pcb4;cls_raw;0.9538613861386138;;
vitL;visa;pcb4;padim_cal;0.9523762376237623;;
vitL;visa;pcb4;padim_raw;0.9343069306930692;;
vitL;visa;pcb4;meansub_cal;0.9536633663366336;;
vitL;visa;pcb4;meansub_raw;0.9367821782178217;;
vitL;visa;pcb4;patchcore_p95;0.9934653465346535;;
vitL;visa;pcb4;patchcore_max;0.9913861386138614;;
vitL;visa;pcb4;quad;0.9723762376237624;;
vitL;visa;pcb4;gap;0.9631683168316831;;
vitL;visa;pcb4;dual_final;0.9777227722772277;;
vitL;visa;pcb4;dual_paper;0.9617821782178217;;
vitL;visa;pcb4;dual_cal+gap;0.9783168316831683;;
vitL;visa;pcb4;dual_raw+quad;0.9725742574257425;;
vitL;visa;pcb4;dual_cal+gap+quad;0.9789108910891089;;
vitL;visa;pcb4;dual_uniform;0.9754455445544555;;
vitL;visa;pcb4;dual_a0.2;0.9755445544554455;;
vitL;visa;pcb4;dual_a0.3;0.976039603960396;;
vitL;visa;pcb4;dual_a0.7;0.9785148514851485;;
vitL;visa;pcb4;dual_maxz;0.9726732673267326;;
vitL;visa;pipe_fryum;uniform_cal;0.8632000000000001;;
vitL;visa;pipe_fryum;uniform_raw;0.8213;;
vitL;visa;pipe_fryum;cls_cal;0.9728;;
vitL;visa;pipe_fryum;cls_raw;0.8994;;
vitL;visa;pipe_fryum;padim_cal;0.7714;;
vitL;visa;pipe_fryum;padim_raw;0.7474000000000001;;
vitL;visa;pipe_fryum;meansub_cal;0.7661999999999999;;
vitL;visa;pipe_fryum;meansub_raw;0.7440999999999999;;
vitL;visa;pipe_fryum;patchcore_p95;0.7651999999999999;;
vitL;visa;pipe_fryum;patchcore_max;0.9998;;
vitL;visa;pipe_fryum;quad;0.9186;;
vitL;visa;pipe_fryum;gap;0.9172;;
vitL;visa;pipe_fryum;dual_final;0.9722;;
vitL;visa;pipe_fryum;dual_paper;0.9058;;
vitL;visa;pipe_fryum;dual_cal+gap;0.9746;;
vitL;visa;pipe_fryum;dual_raw+quad;0.9222;;
vitL;visa;pipe_fryum;dual_cal+gap+quad;0.9742;;
vitL;visa;pipe_fryum;dual_uniform;0.8939999999999999;;
vitL;visa;pipe_fryum;dual_a0.2;0.9656;;
vitL;visa;pipe_fryum;dual_a0.3;0.9687999999999999;;
vitL;visa;pipe_fryum;dual_a0.7;0.9746;;
vitL;visa;pipe_fryum;dual_maxz;0.9728;;
vitL;btad;01;uniform_cal;1.0;;
vitL;btad;01;uniform_raw;1.0;;
vitL;btad;01;cls_cal;1.0;;
vitL;btad;01;cls_raw;1.0;;
vitL;btad;01;padim_cal;1.0;;
vitL;btad;01;padim_raw;1.0;;
vitL;btad;01;meansub_cal;1.0;;
vitL;btad;01;meansub_raw;1.0;;
vitL;btad;01;patchcore_p95;0.9737609329446064;;
vitL;btad;01;patchcore_max;0.9951409135082604;;
vitL;btad;01;quad;0.9990281827016521;;
vitL;btad;01;gap;0.9980563654033042;;
vitL;btad;01;dual_final;1.0;;
vitL;btad;01;dual_paper;1.0;;
vitL;btad;01;dual_cal+gap;1.0;;
vitL;btad;01;dual_raw+quad;1.0;;
vitL;btad;01;dual_cal+gap+quad;1.0;;
vitL;btad;01;dual_uniform;1.0;;
vitL;btad;01;dual_a0.2;1.0;;
vitL;btad;01;dual_a0.3;1.0;;
vitL;btad;01;dual_a0.7;1.0;;
vitL;btad;01;dual_maxz;1.0;;
vitL;btad;02;uniform_cal;0.9251256281407035;;
vitL;btad;02;uniform_raw;0.9236180904522613;;
vitL;btad;02;cls_cal;0.8777219430485762;;
vitL;btad;02;cls_raw;0.8805695142378559;;
vitL;btad;02;padim_cal;0.911892797319933;;
vitL;btad;02;padim_raw;0.9063651591289783;;
vitL;btad;02;meansub_cal;0.9105527638190953;;
vitL;btad;02;meansub_raw;0.9078726968174204;;
vitL;btad;02;patchcore_p95;0.9003350083752094;;
vitL;btad;02;patchcore_max;0.8700167504187605;;
vitL;btad;02;quad;0.9142378559463987;;
vitL;btad;02;gap;0.8956448911222781;;
vitL;btad;02;dual_final;0.8916247906197655;;
vitL;btad;02;dual_paper;0.8809045226130653;;
vitL;btad;02;dual_cal+gap;0.8780569514237856;;
vitL;btad;02;dual_raw+quad;0.8916247906197654;;
vitL;btad;02;dual_cal+gap+quad;0.8860971524288107;;
vitL;btad;02;dual_uniform;0.9214405360134004;;
vitL;btad;02;dual_a0.2;0.9048576214405359;;
vitL;btad;02;dual_a0.3;0.8969849246231155;;
vitL;btad;02;dual_a0.7;0.8840871021775545;;
vitL;btad;02;dual_maxz;0.8778894472361809;;
vitL;btad;03;uniform_cal;0.9975806451612903;;
vitL;btad;03;uniform_raw;0.9982258064516129;;
vitL;btad;03;cls_cal;0.9965322580645162;;
vitL;btad;03;cls_raw;0.9974193548387096;;
vitL;btad;03;padim_cal;0.9979032258064516;;
vitL;btad;03;padim_raw;0.9977419354838709;;
vitL;btad;03;meansub_cal;0.9971774193548387;;
vitL;btad;03;meansub_raw;0.9981451612903225;;
vitL;btad;03;patchcore_p95;1.0;;
vitL;btad;03;patchcore_max;0.9991129032258065;;
vitL;btad;03;quad;0.999758064516129;;
vitL;btad;03;gap;0.9999193548387098;;
vitL;btad;03;dual_final;0.9985483870967743;;
vitL;btad;03;dual_paper;0.9983870967741936;;
vitL;btad;03;dual_cal+gap;0.9974193548387097;;
vitL;btad;03;dual_raw+quad;0.9991935483870968;;
vitL;btad;03;dual_cal+gap+quad;0.9979032258064516;;
vitL;btad;03;dual_uniform;0.9988709677419355;;
vitL;btad;03;dual_a0.2;0.9992741935483871;;
vitL;btad;03;dual_a0.3;0.9988709677419355;;
vitL;btad;03;dual_a0.7;0.997741935483871;;
vitL;btad;03;dual_maxz;0.9966935483870968;;
vitH;loco;breakfast_box;cls_cal;0.9050776379916128;0.9357429718875502;0.8767973856209149
vitH;loco;breakfast_box;cls_raw;0.9093562280403491;0.9062721474131821;0.9122004357298475
vitH;loco;breakfast_box;quad;0.8943669953530544;0.9821639499173163;0.8133986928104574
vitH;loco;breakfast_box;gap;0.8699988665986627;0.9720056697377747;0.775925925925926
vitH;loco;breakfast_box;dual_final;0.9157882806301713;0.9816914717694306;0.8550108932461875
vitH;loco;breakfast_box;dual_paper;0.9132381276209905;0.9150720529175526;0.9115468409586057
vitH;loco;breakfast_box;dual_cal+gap;0.9081378216026295;0.9450744153082921;0.8740740740740741
vitH;loco;breakfast_box;dual_raw+quad;0.9214552873172391;0.97495865816206;0.8721132897603486
vitH;loco;breakfast_box;dual_cal+gap+quad;0.917941743171257;0.9805102763997164;0.860239651416122
vitH;loco;breakfast_box;dual_a0.2;0.9084778420038536;0.983227025750059;0.8395424836601306
vitH;loco;breakfast_box;dual_a0.3;0.9114246854811289;0.983227025750059;0.8452069716775599
vitH;loco;breakfast_box;dual_a0.7;0.9186217839737051;0.9800377982518309;0.8619825708061002
vitH;loco;breakfast_box;dual_maxz;0.9044542672560353;0.9821639499173163;0.8327886710239651
vitH;loco;juice_bottle;cls_cal;0.9902632527948072;0.9868894216362003;0.9953598913535536
vitH;loco;juice_bottle;cls_raw;0.9497385503065272;0.9428378783338328;0.9601629696695339
vitH;loco;juice_bottle;quad;0.9831410025243418;0.9850164818699432;0.9803078315980082
vitH;loco;juice_bottle;gap;0.9852145690587811;0.9889871141744082;0.9795156179266638
vitH;loco;juice_bottle;dual_final;0.9928777497295348;0.9934821696134253;0.9919646899049344
vitH;loco;juice_bottle;dual_paper;0.958258204111071;0.954225352112676;0.9643503847894976
vitH;loco;juice_bottle;dual_cal+gap;0.9932834475297512;0.9917590650284687;0.9955862381167949
vitH;loco;juice_bottle;dual_raw+quad;0.9866119725928598;0.9884626910398562;0.9838162064282481
vitH;loco;juice_bottle;dual_cal+gap+quad;0.9946357735304724;0.9948306862451304;0.9943413309189678
vitH;loco;juice_bottle;dual_a0.2;0.9871078254597908;0.9880131854959544;0.985740153915799
vitH;loco;juice_bottle;dual_a0.3;0.9891363144608727;0.9898861252622115;0.9880036215482119
vitH;loco;juice_bottle;dual_a0.7;0.994951316263974;0.9949805214264309;0.994907197827071
vitH;loco;juice_bottle;dual_maxz;0.9833213126577713;0.9850164818699432;0.9807605251244907
vitH;loco;pushpins;cls_cal;0.7712335692618807;0.7146838668577798;0.8347647164072285
vitH;loco;pushpins;cls_raw;0.7721604314122008;0.6952142060837713;0.8586061907317946
vitH;loco;pushpins;quad;0.7521486349848331;0.8257684344640868;0.6694399713723385
vitH;loco;pushpins;gap;0.7662622177283451;0.8159738811912725;0.7104133118625873
vitH;loco;pushpins;dual_final;0.7853050219076508;0.7982162764771461;0.7707997852925388
vitH;loco;pushpins;dual_paper;0.7837462082912033;0.7204172638955249;0.8548935408838789
vitH;loco;pushpins;dual_cal+gap;0.7811341422312099;0.7360248447204969;0.8318124888173198
vitH;loco;pushpins;dual_raw+quad;0.7927620492079541;0.7979773849339067;0.7869028448738593
vitH;loco;pushpins;dual_cal+gap+quad;0.7905712841253791;0.7843605669692627;0.7975487564859545
vitH;loco;pushpins;dual_a0.2;0.7695483653522076;0.8177257525083612;0.7154231526212201
vitH;loco;pushpins;dual_a0.3;0.7765419615773508;0.8127886606147475;0.7358203614242261
vitH;loco;pushpins;dual_a0.7;0.7889703404111897;0.7773530817009078;0.802021828591877
vitH;loco;pushpins;dual_maxz;0.7756150994270307;0.7229654403567446;0.8347647164072285
vitH;loco;screw_bag;cls_cal;0.7757691443970357;0.714789996410195;0.8776489404238303
vitH;loco;screw_bag;cls_raw;0.7345983980836889;0.6610924973076462;0.8574070371851259
vitH;loco;screw_bag;quad;0.7660378770866083;0.7246021299509394;0.835265893642543
vitH;loco;screw_bag;gap;0.7866606781944755;0.7612779705635995;0.8290683726509397
vitH;loco;screw_bag;dual_final;0.7822816079047832;0.73166207969367;0.8668532586965214
vitH;loco;screw_bag;dual_paper;0.7429822591511339;0.6729687686969009;0.8599560175929628
vitH;loco;screw_bag;dual_cal+gap;0.7825810315143349;0.7229867177216704;0.8821471411435426
vitH;loco;screw_bag;dual_raw+quad;0.7644284751852682;0.7079095369151609;0.8588564574170332
vitH;loco;screw_bag;dual_cal+gap+quad;0.7874840931207425;0.7345339236568146;0.8759496201519391
vitH;loco;screw_bag;dual_a0.2;0.7735234673253986;0.7286107454828288;0.8485605757696921
vitH;loco;screw_bag;dual_a0.3;0.7774908301519574;0.7305253081249251;0.8559576169532187
vitH;loco;screw_bag;dual_a0.7;0.7871846695111909;0.7331578317578078;0.8774490203918431
vitH;loco;screw_bag;dual_maxz;0.773261471667041;0.7174823501256432;0.866453418632547
vitH;loco;splicing_connectors;cls_cal;0.8655026777550398;0.8502178649237473;0.8849233811171527
vitH;loco;splicing_connectors;cls_raw;0.835764357556494;0.8285869903516963;0.8448838358872961
vitH;loco;splicing_connectors;quad;0.9165324160752383;0.9332399626517274;0.895304003954523
vitH;loco;splicing_connectors;gap;0.9037314407628335;0.9103641456582632;0.8953040039545229
vitH;loco;splicing_connectors;dual_final;0.8978534418948927;0.898848428260193;0.8965892239248641
vitH;loco;splicing_connectors;dual_paper;0.8415117342273697;0.8356676003734826;0.8489372219476026
vitH;loco;splicing_connectors;dual_cal+gap;0.8702486175817478;0.8566760037348273;0.8874938210578349
vitH;loco;splicing_connectors;dual_raw+quad;0.8814821265293682;0.886165577342048;0.8755313890261988
vitH;loco;splicing_connectors;dual_cal+gap+quad;0.890930465450429;0.8884220354808591;0.8941176470588235
vitH;loco;splicing_connectors;dual_a0.2;0.9118300169808856;0.9199346405228758;0.9015323776569452
vitH;loco;splicing_connectors;dual_a0.3;0.907606565942439;0.9131652661064426;0.900543746910529
vitH;loco;splicing_connectors;dual_a0.7;0.888013236382636;0.884453781512605;0.8925358378645576
vitH;loco;splicing_connectors;dual_maxz;0.8695955065964209;0.8574540927482104;0.8850222441917943
vitH;mvtec;bottle;cls_cal;1.0;;
vitH;mvtec;bottle;cls_raw;1.0;;
vitH;mvtec;bottle;quad;1.0;;
vitH;mvtec;bottle;gap;1.0;;
vitH;mvtec;bottle;dual_final;1.0;;
vitH;mvtec;bottle;dual_paper;1.0;;
vitH;mvtec;bottle;dual_cal+gap;1.0;;
vitH;mvtec;bottle;dual_raw+quad;1.0;;
vitH;mvtec;bottle;dual_cal+gap+quad;1.0;;
vitH;mvtec;bottle;dual_a0.2;1.0;;
vitH;mvtec;bottle;dual_a0.3;1.0;;
vitH;mvtec;bottle;dual_a0.7;1.0;;
vitH;mvtec;bottle;dual_maxz;1.0;;
vitH;mvtec;cable;cls_cal;0.9758245877061469;;
vitH;mvtec;cable;cls_raw;0.9606446776611695;;
vitH;mvtec;cable;quad;0.9482758620689655;;
vitH;mvtec;cable;gap;0.9059220389805097;;
vitH;mvtec;cable;dual_final;0.9767616191904048;;
vitH;mvtec;cable;dual_paper;0.9606446776611695;;
vitH;mvtec;cable;dual_cal+gap;0.9758245877061469;;
vitH;mvtec;cable;dual_raw+quad;0.9604572713643178;;
vitH;mvtec;cable;dual_cal+gap+quad;0.97619940029985;;
vitH;mvtec;cable;dual_a0.2;0.9760119940029984;;
vitH;mvtec;cable;dual_a0.3;0.9760119940029984;;
vitH;mvtec;cable;dual_a0.7;0.9760119940029984;;
vitH;mvtec;cable;dual_maxz;0.9758245877061469;;
vitH;mvtec;capsule;cls_cal;0.9740725967291584;;
vitH;mvtec;capsule;cls_raw;0.9748703629836457;;
vitH;mvtec;capsule;quad;0.9780614280015956;;
vitH;mvtec;capsule;gap;0.9724770642201834;;
vitH;mvtec;capsule;dual_final;0.9780614280015956;;
vitH;mvtec;capsule;dual_paper;0.974471479856402;;
vitH;mvtec;capsule;dual_cal+gap;0.9740725967291584;;
vitH;mvtec;capsule;dual_raw+quad;0.9764658954926206;;
vitH;mvtec;capsule;dual_cal+gap+quad;0.9756681292381332;;
vitH;mvtec;capsule;dual_a0.2;0.9804547267650578;;
vitH;mvtec;capsule;dual_a0.3;0.9792580773833267;;
vitH;mvtec;capsule;dual_a0.7;0.9756681292381332;;
vitH;mvtec;capsule;dual_maxz;0.9740725967291584;;
vitH;mvtec;carpet;cls_cal;0.9991974317817015;;
vitH;mvtec;carpet;cls_raw;0.9991974317817015;;
vitH;mvtec;carpet;quad;0.9394060995184591;;
vitH;mvtec;carpet;gap;0.825040128410915;;
vitH;mvtec;carpet;dual_final;0.9991974317817015;;
vitH;mvtec;carpet;dual_paper;0.9991974317817015;;
vitH;mvtec;carpet;dual_cal+gap;0.9991974317817015;;
vitH;mvtec;carpet;dual_raw+quad;0.9995987158908507;;
vitH;mvtec;carpet;dual_cal+gap+quad;0.9991974317817015;;
vitH;mvtec;carpet;dual_a0.2;0.9991974317817015;;
vitH;mvtec;carpet;dual_a0.3;0.9991974317817015;;
vitH;mvtec;carpet;dual_a0.7;0.9991974317817015;;
vitH;mvtec;carpet;dual_maxz;0.9991974317817015;;
vitH;mvtec;grid;cls_cal;1.0;;
vitH;mvtec;grid;cls_raw;1.0;;
vitH;mvtec;grid;quad;0.9966583124477861;;
vitH;mvtec;grid;gap;0.9916457811194654;;
vitH;mvtec;grid;dual_final;1.0;;
vitH;mvtec;grid;dual_paper;1.0;;
vitH;mvtec;grid;dual_cal+gap;1.0;;
vitH;mvtec;grid;dual_raw+quad;1.0;;
vitH;mvtec;grid;dual_cal+gap+quad;1.0;;
vitH;mvtec;grid;dual_a0.2;1.0;;
vitH;mvtec;grid;dual_a0.3;1.0;;
vitH;mvtec;grid;dual_a0.7;1.0;;
vitH;mvtec;grid;dual_maxz;1.0;;
vitH;mvtec;hazelnut;cls_cal;0.995;;
vitH;mvtec;hazelnut;cls_raw;0.9907142857142857;;
vitH;mvtec;hazelnut;quad;0.9492857142857143;;
vitH;mvtec;hazelnut;gap;0.97;;
vitH;mvtec;hazelnut;dual_final;0.99;;
vitH;mvtec;hazelnut;dual_paper;0.9917857142857143;;
vitH;mvtec;hazelnut;dual_cal+gap;0.9946428571428572;;
vitH;mvtec;hazelnut;dual_raw+quad;0.9857142857142858;;
vitH;mvtec;hazelnut;dual_cal+gap+quad;0.9939285714285715;;
vitH;mvtec;hazelnut;dual_a0.2;0.9821428571428572;;
vitH;mvtec;hazelnut;dual_a0.3;0.9839285714285715;;
vitH;mvtec;hazelnut;dual_a0.7;0.9942857142857143;;
vitH;mvtec;hazelnut;dual_maxz;0.995;;
vitH;mvtec;leather;cls_cal;1.0;;
vitH;mvtec;leather;cls_raw;1.0;;
vitH;mvtec;leather;quad;0.9840353260869565;;
vitH;mvtec;leather;gap;0.967391304347826;;
vitH;mvtec;leather;dual_final;1.0;;
vitH;mvtec;leather;dual_paper;1.0;;
vitH;mvtec;leather;dual_cal+gap;1.0;;
vitH;mvtec;leather;dual_raw+quad;1.0;;
vitH;mvtec;leather;dual_cal+gap+quad;1.0;;
vitH;mvtec;leather;dual_a0.2;1.0;;
vitH;mvtec;leather;dual_a0.3;1.0;;
vitH;mvtec;leather;dual_a0.7;1.0;;
vitH;mvtec;leather;dual_maxz;1.0;;
vitH;mvtec;metal_nut;cls_cal;0.9956011730205278;;
vitH;mvtec;metal_nut;cls_raw;0.9946236559139785;;
vitH;mvtec;metal_nut;quad;0.9789833822091887;;
vitH;mvtec;metal_nut;gap;0.9765395894428153;;
vitH;mvtec;metal_nut;dual_final;0.9941348973607037;;
vitH;mvtec;metal_nut;dual_paper;0.9946236559139785;;
vitH;mvtec;metal_nut;dual_cal+gap;0.9956011730205278;;
vitH;mvtec;metal_nut;dual_raw+quad;0.9946236559139784;;
vitH;mvtec;metal_nut;dual_cal+gap+quad;0.9946236559139784;;
vitH;mvtec;metal_nut;dual_a0.2;0.9941348973607037;;
vitH;mvtec;metal_nut;dual_a0.3;0.9941348973607037;;
vitH;mvtec;metal_nut;dual_a0.7;0.9951124144672531;;
vitH;mvtec;metal_nut;dual_maxz;0.9956011730205278;;
vitH;mvtec;pill;cls_cal;0.9961811238406983;;
vitH;mvtec;pill;cls_raw;0.9950900163666121;;
vitH;mvtec;pill;quad;0.9893617021276596;;
vitH;mvtec;pill;gap;0.9762684124386253;;
vitH;mvtec;pill;dual_final;0.9964539007092199;;
vitH;mvtec;pill;dual_paper;0.9950900163666121;;
vitH;mvtec;pill;dual_cal+gap;0.9959083469721768;;
vitH;mvtec;pill;dual_raw+quad;0.9959083469721768;;
vitH;mvtec;pill;dual_cal+gap+quad;0.9961811238406983;;
vitH;mvtec;pill;dual_a0.2;0.9956355701036552;;
vitH;mvtec;pill;dual_a0.3;0.9964539007092199;;
vitH;mvtec;pill;dual_a0.7;0.9961811238406983;;
vitH;mvtec;pill;dual_maxz;0.9961811238406983;;
vitH;mvtec;screw;cls_cal;0.9331830293092847;;
vitH;mvtec;screw;cls_raw;0.9098175855708137;;
vitH;mvtec;screw;quad;0.8682106989137118;;
vitH;mvtec;screw;gap;0.8339823734371797;;
vitH;mvtec;screw;dual_final;0.9331830293092848;;
vitH;mvtec;screw;dual_paper;0.9114572658331626;;
vitH;mvtec;screw;dual_cal+gap;0.9323631891781102;;
vitH;mvtec;screw;dual_raw+quad;0.9147366263578602;;
vitH;mvtec;screw;dual_cal+gap+quad;0.9329780692764911;;
vitH;mvtec;screw;dual_a0.2;0.9249846279975404;;
vitH;mvtec;screw;dual_a0.3;0.9284689485550317;;
vitH;mvtec;screw;dual_a0.7;0.9333879893420783;;
vitH;mvtec;screw;dual_maxz;0.9331830293092847;;
vitH;mvtec;tile;cls_cal;0.998917748917749;;
vitH;mvtec;tile;cls_raw;0.9985569985569985;;
vitH;mvtec;tile;quad;1.0;;
vitH;mvtec;tile;gap;1.0;;
vitH;mvtec;tile;dual_final;0.998917748917749;;
vitH;mvtec;tile;dual_paper;0.9985569985569985;;
vitH;mvtec;tile;dual_cal+gap;0.998917748917749;;
vitH;mvtec;tile;dual_raw+quad;0.9985569985569985;;
vitH;mvtec;tile;dual_cal+gap+quad;0.998917748917749;;
vitH;mvtec;tile;dual_a0.2;0.9992784992784993;;
vitH;mvtec;tile;dual_a0.3;0.9992784992784993;;
vitH;mvtec;tile;dual_a0.7;0.998917748917749;;
vitH;mvtec;tile;dual_maxz;0.998917748917749;;
vitH;mvtec;toothbrush;cls_cal;0.9833333333333334;;
vitH;mvtec;toothbrush;cls_raw;0.9944444444444445;;
vitH;mvtec;toothbrush;quad;0.9944444444444445;;
vitH;mvtec;toothbrush;gap;0.975;;
vitH;mvtec;toothbrush;dual_final;0.9833333333333334;;
vitH;mvtec;toothbrush;dual_paper;0.9944444444444445;;
vitH;mvtec;toothbrush;dual_cal+gap;0.9833333333333334;;
vitH;mvtec;toothbrush;dual_raw+quad;0.9944444444444445;;
vitH;mvtec;toothbrush;dual_cal+gap+quad;0.9833333333333334;;
vitH;mvtec;toothbrush;dual_a0.2;0.9833333333333334;;
vitH;mvtec;toothbrush;dual_a0.3;0.9833333333333334;;
vitH;mvtec;toothbrush;dual_a0.7;0.9833333333333334;;
vitH;mvtec;toothbrush;dual_maxz;0.9833333333333334;;
vitH;mvtec;transistor;cls_cal;0.9995833333333333;;
vitH;mvtec;transistor;cls_raw;0.99875;;
vitH;mvtec;transistor;quad;0.99;;
vitH;mvtec;transistor;gap;0.9625;;
vitH;mvtec;transistor;dual_final;0.9991666666666666;;
vitH;mvtec;transistor;dual_paper;0.99875;;
vitH;mvtec;transistor;dual_cal+gap;0.9995833333333333;;
vitH;mvtec;transistor;dual_raw+quad;0.99875;;
vitH;mvtec;transistor;dual_cal+gap+quad;0.9991666666666666;;
vitH;mvtec;transistor;dual_a0.2;0.9995833333333333;;
vitH;mvtec;transistor;dual_a0.3;0.9995833333333333;;
vitH;mvtec;transistor;dual_a0.7;0.9995833333333333;;
vitH;mvtec;transistor;dual_maxz;0.9995833333333333;;
vitH;mvtec;wood;cls_cal;1.0;;
vitH;mvtec;wood;cls_raw;1.0;;
vitH;mvtec;wood;quad;0.9105263157894737;;
vitH;mvtec;wood;gap;0.9078947368421052;;
vitH;mvtec;wood;dual_final;1.0;;
vitH;mvtec;wood;dual_paper;1.0;;
vitH;mvtec;wood;dual_cal+gap;1.0;;
vitH;mvtec;wood;dual_raw+quad;1.0;;
vitH;mvtec;wood;dual_cal+gap+quad;1.0;;
vitH;mvtec;wood;dual_a0.2;1.0;;
vitH;mvtec;wood;dual_a0.3;1.0;;
vitH;mvtec;wood;dual_a0.7;1.0;;
vitH;mvtec;wood;dual_maxz;1.0;;
vitH;mvtec;zipper;cls_cal;1.0;;
vitH;mvtec;zipper;cls_raw;1.0;;
vitH;mvtec;zipper;quad;0.9873949579831933;;
vitH;mvtec;zipper;gap;0.9973739495798319;;
vitH;mvtec;zipper;dual_final;1.0;;
vitH;mvtec;zipper;dual_paper;1.0;;
vitH;mvtec;zipper;dual_cal+gap;1.0;;
vitH;mvtec;zipper;dual_raw+quad;1.0;;
vitH;mvtec;zipper;dual_cal+gap+quad;1.0;;
vitH;mvtec;zipper;dual_a0.2;1.0;;
vitH;mvtec;zipper;dual_a0.3;1.0;;
vitH;mvtec;zipper;dual_a0.7;1.0;;
vitH;mvtec;zipper;dual_maxz;1.0;;
vitH;visa;candle;cls_cal;0.9530000000000001;;
vitH;visa;candle;cls_raw;0.9523;;
vitH;visa;candle;quad;0.9664999999999999;;
vitH;visa;candle;gap;0.9368;;
vitH;visa;candle;dual_final;0.9690000000000001;;
vitH;visa;candle;dual_paper;0.9541999999999999;;
vitH;visa;candle;dual_cal+gap;0.9561000000000001;;
vitH;visa;candle;dual_raw+quad;0.968;;
vitH;visa;candle;dual_cal+gap+quad;0.9659;;
vitH;visa;candle;dual_a0.2;0.9678;;
vitH;visa;candle;dual_a0.3;0.9688;;
vitH;visa;candle;dual_a0.7;0.9657;;
vitH;visa;candle;dual_maxz;0.9629000000000001;;
vitH;visa;capsules;cls_cal;0.9426666666666667;;
vitH;visa;capsules;cls_raw;0.905;;
vitH;visa;capsules;quad;0.8698333333333333;;
vitH;visa;capsules;gap;0.9146666666666667;;
vitH;visa;capsules;dual_final;0.9380000000000001;;
vitH;visa;capsules;dual_paper;0.9098333333333334;;
vitH;visa;capsules;dual_cal+gap;0.9463333333333332;;
vitH;visa;capsules;dual_raw+quad;0.9071666666666667;;
vitH;visa;capsules;dual_cal+gap+quad;0.9436666666666667;;
vitH;visa;capsules;dual_a0.2;0.9141666666666666;;
vitH;visa;capsules;dual_a0.3;0.9236666666666666;;
vitH;visa;capsules;dual_a0.7;0.9431666666666667;;
vitH;visa;capsules;dual_maxz;0.9426666666666667;;
vitH;visa;cashew;cls_cal;0.9776;;
vitH;visa;cashew;cls_raw;0.9682000000000001;;
vitH;visa;cashew;quad;0.9800000000000001;;
vitH;visa;cashew;gap;0.9828;;
vitH;visa;cashew;dual_final;0.9836;;
vitH;visa;cashew;dual_paper;0.9725999999999999;;
vitH;visa;cashew;dual_cal+gap;0.9798;;
vitH;visa;cashew;dual_raw+quad;0.9815999999999999;;
vitH;visa;cashew;dual_cal+gap+quad;0.9842;;
vitH;visa;cashew;dual_a0.2;0.9832;;
vitH;visa;cashew;dual_a0.3;0.9832;;
vitH;visa;cashew;dual_a0.7;0.9825999999999999;;
vitH;visa;cashew;dual_maxz;0.9822;;
vitH;visa;chewinggum;cls_cal;0.9904;;
vitH;visa;chewinggum;cls_raw;0.9896;;
vitH;visa;chewinggum;quad;0.9946;;
vitH;visa;chewinggum;gap;0.993;;
vitH;visa;chewinggum;dual_final;0.9937999999999999;;
vitH;visa;chewinggum;dual_paper;0.9902;;
vitH;visa;chewinggum;dual_cal+gap;0.9912;;
vitH;visa;chewinggum;dual_raw+quad;0.9936;;
vitH;visa;chewinggum;dual_cal+gap+quad;0.9934;;
vitH;visa;chewinggum;dual_a0.2;0.9945999999999999;;
vitH;visa;chewinggum;dual_a0.3;0.9938;;
vitH;visa;chewinggum;dual_a0.7;0.9927999999999999;;
vitH;visa;chewinggum;dual_maxz;0.9942;;
vitH;visa;fryum;cls_cal;0.9468;;
vitH;visa;fryum;cls_raw;0.9134;;
vitH;visa;fryum;quad;0.9658;;
vitH;visa;fryum;gap;0.9798;;
vitH;visa;fryum;dual_final;0.9588;;
vitH;visa;fryum;dual_paper;0.92;;
vitH;visa;fryum;dual_cal+gap;0.9501999999999999;;
vitH;visa;fryum;dual_raw+quad;0.9418;;
vitH;visa;fryum;dual_cal+gap+quad;0.9541999999999999;;
vitH;visa;fryum;dual_a0.2;0.965;;
vitH;visa;fryum;dual_a0.3;0.9632000000000001;;
vitH;visa;fryum;dual_a0.7;0.9524;;
vitH;visa;fryum;dual_maxz;0.9468;;
vitH;visa;macaroni1;cls_cal;0.8418000000000001;;
vitH;visa;macaroni1;cls_raw;0.8354;;
vitH;visa;macaroni1;quad;0.8115;;
vitH;visa;macaroni1;gap;0.8266999999999999;;
vitH;visa;macaroni1;dual_final;0.8475;;
vitH;visa;macaroni1;dual_paper;0.8429;;
vitH;visa;macaroni1;dual_cal+gap;0.8523999999999999;;
vitH;visa;macaroni1;dual_raw+quad;0.8404;;
vitH;visa;macaroni1;dual_cal+gap+quad;0.8516;;
vitH;visa;macaroni1;dual_a0.2;0.8325999999999999;;
vitH;visa;macaroni1;dual_a0.3;0.8395;;
vitH;visa;macaroni1;dual_a0.7;0.8485;;
vitH;visa;macaroni1;dual_maxz;0.8437;;
vitH;visa;macaroni2;cls_cal;0.7438999999999999;;
vitH;visa;macaroni2;cls_raw;0.7253999999999999;;
vitH;visa;macaroni2;quad;0.7476999999999999;;
vitH;visa;macaroni2;gap;0.6648999999999999;;
vitH;visa;macaroni2;dual_final;0.7584;;
vitH;visa;macaroni2;dual_paper;0.7256;;
vitH;visa;macaroni2;dual_cal+gap;0.7421;;
vitH;visa;macaroni2;dual_raw+quad;0.7486;;
vitH;visa;macaroni2;dual_cal+gap+quad;0.7521;;
vitH;visa;macaroni2;dual_a0.2;0.7553;;
vitH;visa;macaroni2;dual_a0.3;0.756;;
vitH;visa;macaroni2;dual_a0.7;0.7530000000000001;;
vitH;visa;macaroni2;dual_maxz;0.7445;;
vitH;visa;pcb1;cls_cal;0.9332;;
vitH;visa;pcb1;cls_raw;0.9297000000000001;;
vitH;visa;pcb1;quad;0.9726;;
vitH;visa;pcb1;gap;0.9398;;
vitH;visa;pcb1;dual_final;0.9686;;
vitH;visa;pcb1;dual_paper;0.9392;;
vitH;visa;pcb1;dual_cal+gap;0.9424;;
vitH;visa;pcb1;dual_raw+quad;0.9679;;
vitH;visa;pcb1;dual_cal+gap+quad;0.9662999999999999;;
vitH;visa;pcb1;dual_a0.2;0.9718;;
vitH;visa;pcb1;dual_a0.3;0.9709;;
vitH;visa;pcb1;dual_a0.7;0.9644;;
vitH;visa;pcb1;dual_maxz;0.9726;;
vitH;visa;pcb2;cls_cal;0.872;;
vitH;visa;pcb2;cls_raw;0.8607;;
vitH;visa;pcb2;quad;0.9466000000000001;;
vitH;visa;pcb2;gap;0.9438;;
vitH;visa;pcb2;dual_final;0.9321999999999999;;
vitH;visa;pcb2;dual_paper;0.8912;;
vitH;visa;pcb2;dual_cal+gap;0.8992;;
vitH;visa;pcb2;dual_raw+quad;0.9298;;
vitH;visa;pcb2;dual_cal+gap+quad;0.9258;;
vitH;visa;pcb2;dual_a0.2;0.9435;;
vitH;visa;pcb2;dual_a0.3;0.9403000000000001;;
vitH;visa;pcb2;dual_a0.7;0.9198;;
vitH;visa;pcb2;dual_maxz;0.9466000000000001;;
vitH;visa;pcb3;cls_cal;0.8618811881188119;;
vitH;visa;pcb3;cls_raw;0.8529207920792079;;
vitH;visa;pcb3;quad;0.9191089108910891;;
vitH;visa;pcb3;gap;0.9002970297029702;;
vitH;visa;pcb3;dual_final;0.9061386138613862;;
vitH;visa;pcb3;dual_paper;0.87;;
vitH;visa;pcb3;dual_cal+gap;0.8762376237623762;;
vitH;visa;pcb3;dual_raw+quad;0.9041584158415842;;
vitH;visa;pcb3;dual_cal+gap+quad;0.8982178217821782;;
vitH;visa;pcb3;dual_a0.2;0.9170297029702971;;
vitH;visa;pcb3;dual_a0.3;0.9138613861386139;;
vitH;visa;pcb3;dual_a0.7;0.8931683168316832;;
vitH;visa;pcb3;dual_maxz;0.9148514851485149;;
vitH;visa;pcb4;cls_cal;0.9842574257425742;;
vitH;visa;pcb4;cls_raw;0.9676237623762376;;
vitH;visa;pcb4;quad;0.9817821782178218;;
vitH;visa;pcb4;gap;0.9761386138613861;;
vitH;visa;pcb4;dual_final;0.9879207920792079;;
vitH;visa;pcb4;dual_paper;0.9753465346534653;;
vitH;visa;pcb4;dual_cal+gap;0.9862376237623762;;
vitH;visa;pcb4;dual_raw+quad;0.9828712871287129;;
vitH;visa;pcb4;dual_cal+gap+quad;0.9888118811881188;;
vitH;visa;pcb4;dual_a0.2;0.9842574257425742;;
vitH;visa;pcb4;dual_a0.3;0.9852475247524752;;
vitH;visa;pcb4;dual_a0.7;0.9891089108910891;;
vitH;visa;pcb4;dual_maxz;0.9818811881188119;;
vitH;visa;pipe_fryum;cls_cal;0.9806;;
vitH;visa;pipe_fryum;cls_raw;0.9206;;
vitH;visa;pipe_fryum;quad;0.9396;;
vitH;visa;pipe_fryum;gap;0.9366;;
vitH;visa;pipe_fryum;dual_final;0.9812000000000001;;
vitH;visa;pipe_fryum;dual_paper;0.9256;;
vitH;visa;pipe_fryum;dual_cal+gap;0.9823999999999999;;
vitH;visa;pipe_fryum;dual_raw+quad;0.9356;;
vitH;visa;pipe_fryum;dual_cal+gap+quad;0.9806;;
vitH;visa;pipe_fryum;dual_a0.2;0.9763999999999999;;
vitH;visa;pipe_fryum;dual_a0.3;0.9793999999999999;;
vitH;visa;pipe_fryum;dual_a0.7;0.9808;;
vitH;visa;pipe_fryum;dual_maxz;0.9806;;
