category;method;mode;k;auroc;mean_orig;mean_pert;ratio
breakfast_box;gap_maha;swap;3;0.5002;19.8993;19.8993;1.0
breakfast_box;meansub;swap;3;1.0;31.1485;149.9503;4.814
breakfast_box;padim;swap;3;1.0;32.2152;201.7259;6.262
breakfast_box;patchcore;swap;3;0.5;118.8627;118.8627;1.0
breakfast_box;pcreg;swap;3;1.0;139.8938;725.4094;5.185
breakfast_box;gap_maha;transplant;3;0.6846;19.8993;21.3632;1.074
breakfast_box;meansub;transplant;3;0.5519;31.1485;31.5568;1.013
breakfast_box;padim;transplant;3;0.5111;32.2152;32.2981;1.003
breakfast_box;patchcore;transplant;3;0.4846;118.8627;118.7632;0.999
breakfast_box;pcreg;transplant;3;0.6383;139.8938;146.7326;1.049
breakfast_box;gap_maha;swap;1;0.5;19.8993;19.8993;1.0
breakfast_box;meansub;swap;1;1.0;31.1485;91.8547;2.949
breakfast_box;padim;swap;1;1.0;32.2152;106.2424;3.298
breakfast_box;patchcore;swap;1;0.5;118.8627;118.8627;1.0
breakfast_box;pcreg;swap;1;1.0;139.8938;442.565;3.164
breakfast_box;gap_maha;swap;2;0.5004;19.8993;19.8993;1.0
breakfast_box;meansub;swap;2;1.0;31.1485;122.0254;3.918
breakfast_box;padim;swap;2;1.0;32.2152;151.0336;4.688
breakfast_box;patchcore;swap;2;0.5;118.8627;118.8627;1.0
breakfast_box;pcreg;swap;2;1.0;139.8938;592.8213;4.238
breakfast_box;gap_maha;transplant;1;0.5918;19.8993;20.37;1.024
breakfast_box;meansub;transplant;1;0.5178;31.1485;31.222;1.002
breakfast_box;padim;transplant;1;0.5041;32.2152;32.1821;0.999
breakfast_box;patchcore;transplant;1;0.4885;118.8627;118.7798;0.999
breakfast_box;pcreg;transplant;1;0.5365;139.8938;141.1384;1.009
breakfast_box;gap_maha;transplant;2;0.6508;19.8993;21.1932;1.065
breakfast_box;meansub;transplant;2;0.5128;31.1485;31.2912;1.005
breakfast_box;padim;transplant;2;0.4824;32.2152;32.0794;0.996
breakfast_box;patchcore;transplant;2;0.518;118.8627;118.9805;1.001
breakfast_box;pcreg;transplant;2;0.5928;139.8938;143.9714;1.029
juice_bottle;gap_maha;swap;1;0.4995;22.9105;22.9105;1.0
juice_bottle;meansub;swap;1;1.0;26.164;153.4316;5.864
juice_bottle;padim;swap;1;1.0;26.4787;185.8349;7.018
juice_bottle;patchcore;swap;1;0.5;71.8693;71.8693;1.0
juice_bottle;pcreg;swap;1;1.0;110.0606;708.2522;6.435
juice_bottle;gap_maha;swap;2;0.4999;22.9105;22.9105;1.0
juice_bottle;meansub;swap;2;1.0;26.164;217.6031;8.317
juice_bottle;padim;swap;2;1.0;26.4787;280.0206;10.575
juice_bottle;patchcore;swap;2;0.5;71.8693;71.8693;1.0
juice_bottle;pcreg;swap;2;1.0;110.0606;1002.2334;9.106
juice_bottle;gap_maha;swap;3;0.4994;22.9105;22.9105;1.0
juice_bottle;meansub;swap;3;1.0;26.164;250.8818;9.589
juice_bottle;padim;swap;3;1.0;26.4787;330.4759;12.481
juice_bottle;patchcore;swap;3;0.5;71.8693;71.8693;1.0
juice_bottle;pcreg;swap;3;1.0;110.0606;1154.4058;10.489
juice_bottle;gap_maha;transplant;1;0.817;22.9105;27.221;1.188
juice_bottle;meansub;transplant;1;0.5699;26.164;26.752;1.022
juice_bottle;padim;transplant;1;0.5024;26.4787;26.4389;0.998
juice_bottle;patchcore;transplant;1;0.5012;71.8693;71.8622;1.0
juice_bottle;pcreg;transplant;1;0.7665;110.0606;128.423;1.167
juice_bottle;gap_maha;transplant;2;0.9271;22.9105;30.1334;1.315
juice_bottle;meansub;transplant;2;0.623;26.164;27.2494;1.041
juice_bottle;padim;transplant;2;0.5289;26.4787;26.6374;1.006
juice_bottle;patchcore;transplant;2;0.5338;71.8693;72.1916;1.004
juice_bottle;pcreg;transplant;2;0.8669;110.0606;137.7386;1.251
juice_bottle;gap_maha;transplant;3;0.9063;22.9105;31.3343;1.368
juice_bottle;meansub;transplant;3;0.6253;26.164;27.3687;1.046
juice_bottle;padim;transplant;3;0.5275;26.4787;26.5852;1.004
juice_bottle;patchcore;transplant;3;0.4929;71.8693;71.7802;0.999
juice_bottle;pcreg;transplant;3;0.8479;110.0606;137.9166;1.253
pushpins;gap_maha;swap;1;0.5001;20.9125;20.9125;1.0
pushpins;meansub;swap;1;1.0;31.0292;74.0155;2.385
pushpins;padim;swap;1;1.0;31.3432;84.9453;2.71
pushpins;patchcore;swap;1;0.5;94.2527;94.2527;1.0
pushpins;pcreg;swap;1;1.0;118.1051;326.9673;2.768
pushpins;gap_maha;swap;2;0.5002;20.9125;20.9125;1.0
pushpins;meansub;swap;2;1.0;31.0292;90.2167;2.907
pushpins;padim;swap;2;1.0;31.3432;104.5715;3.336
pushpins;patchcore;swap;2;0.5;94.2527;94.2527;1.0
pushpins;pcreg;swap;2;1.0;118.1051;402.4059;3.407
pushpins;gap_maha;swap;3;0.5;20.9125;20.9125;1.0
pushpins;meansub;swap;3;1.0;31.0292;102.4982;3.303
pushpins;padim;swap;3;1.0;31.3432;120.5046;3.845
pushpins;patchcore;swap;3;0.5;94.2527;94.2527;1.0
pushpins;pcreg;swap;3;1.0;118.1051;461.8495;3.91
pushpins;gap_maha;transplant;1;0.6016;20.9125;21.5791;1.032
pushpins;meansub;transplant;1;0.5079;31.0292;31.0741;1.001
pushpins;padim;transplant;1;0.5012;31.3432;31.3169;0.999
pushpins;patchcore;transplant;1;0.5148;94.2527;94.3971;1.002
pushpins;pcreg;transplant;1;0.5426;118.1051;119.3964;1.011
pushpins;gap_maha;transplant;2;0.6877;20.9125;22.2964;1.066
pushpins;meansub;transplant;2;0.5116;31.0292;31.1086;1.003
pushpins;padim;transplant;2;0.5039;31.3432;31.3752;1.001
pushpins;patchcore;transplant;2;0.5223;94.2527;94.4565;1.002
pushpins;pcreg;transplant;2;0.5976;118.1051;121.0202;1.025
pushpins;gap_maha;transplant;3;0.7293;20.9125;22.6371;1.082
pushpins;meansub;transplant;3;0.5278;31.0292;31.1983;1.005
pushpins;padim;transplant;3;0.5183;31.3432;31.4294;1.003
pushpins;patchcore;transplant;3;0.5333;94.2527;94.443;1.002
pushpins;pcreg;transplant;3;0.6424;118.1051;122.2646;1.035
screw_bag;gap_maha;swap;1;0.4999;17.4735;17.4735;1.0
screw_bag;meansub;swap;1;1.0;26.2389;62.6562;2.388
screw_bag;padim;swap;1;1.0;26.3938;68.6849;2.602
screw_bag;patchcore;swap;1;0.5;120.2599;120.2599;1.0
screw_bag;pcreg;swap;1;1.0;128.1032;348.5728;2.721
screw_bag;gap_maha;swap;2;0.4998;17.4735;17.4735;1.0
screw_bag;meansub;swap;2;1.0;26.2389;92.2708;3.517
screw_bag;padim;swap;2;1.0;26.3938;115.0491;4.359
screw_bag;patchcore;swap;2;0.5;120.2599;120.2599;1.0
screw_bag;pcreg;swap;2;1.0;128.1032;473.806;3.699
screw_bag;gap_maha;swap;3;0.4996;17.4735;17.4735;1.0
screw_bag;meansub;swap;3;1.0;26.2389;115.7346;4.411
screw_bag;padim;swap;3;1.0;26.3938;155.8962;5.907
screw_bag;patchcore;swap;3;0.5;120.2599;120.2599;1.0
screw_bag;pcreg;swap;3;1.0;128.1032;583.1032;4.552
screw_bag;gap_maha;transplant;1;0.5774;17.4735;18.0789;1.035
screw_bag;meansub;transplant;1;0.5182;26.2389;26.3107;1.003
screw_bag;padim;transplant;1;0.508;26.3938;26.419;1.001
screw_bag;patchcore;transplant;1;0.4991;120.2599;120.2385;1.0
screw_bag;pcreg;transplant;1;0.5308;128.1032;128.6471;1.004
screw_bag;gap_maha;transplant;2;0.6683;17.4735;18.6041;1.065
screw_bag;meansub;transplant;2;0.5164;26.2389;26.3298;1.003
screw_bag;padim;transplant;2;0.4997;26.3938;26.3754;0.999
screw_bag;patchcore;transplant;2;0.502;120.2599;120.2041;1.0
screw_bag;pcreg;transplant;2;0.5228;128.1032;128.4253;1.003
screw_bag;gap_maha;transplant;3;0.6736;17.4735;18.5579;1.062
screw_bag;meansub;transplant;3;0.5389;26.2389;26.425;1.007
screw_bag;padim;transplant;3;0.5069;26.3938;26.3986;1.0
screw_bag;patchcore;transplant;3;0.5119;120.2599;120.3678;1.001
screw_bag;pcreg;transplant;3;0.5544;128.1032;129.0549;1.007
splicing_connectors;gap_maha;swap;1;0.5002;20.0737;20.0737;1.0
splicing_connectors;meansub;swap;1;0.996;26.0541;62.8729;2.413
splicing_connectors;padim;swap;1;0.998;26.3745;74.5581;2.827
splicing_connectors;patchcore;swap;1;0.5;82.4112;82.4112;1.0
splicing_connectors;pcreg;swap;1;0.9996;103.6987;325.9795;3.144
splicing_connectors;gap_maha;swap;2;0.4999;20.0737;20.0737;1.0
splicing_connectors;meansub;swap;2;1.0;26.0541;84.6308;3.248
splicing_connectors;padim;swap;2;1.0;26.3745;105.599;4.004
splicing_connectors;patchcore;swap;2;0.5;82.4112;82.4112;1.0
splicing_connectors;pcreg;swap;2;1.0;103.6987;412.1472;3.974
splicing_connectors;gap_maha;swap;3;0.5004;20.0737;20.0737;1.0
splicing_connectors;meansub;swap;3;1.0;26.0541;99.1996;3.807
splicing_connectors;padim;swap;3;1.0;26.3745;126.1855;4.784
splicing_connectors;patchcore;swap;3;0.5;82.4112;82.4112;1.0
splicing_connectors;pcreg;swap;3;1.0;103.6987;458.6289;4.423
splicing_connectors;gap_maha;transplant;1;0.8043;20.0737;23.6729;1.179
splicing_connectors;meansub;transplant;1;0.5204;26.0541;26.1117;1.002
splicing_connectors;padim;transplant;1;0.505;26.3745;26.279;0.996
splicing_connectors;patchcore;transplant;1;0.4714;82.4112;82.19;0.997
splicing_connectors;pcreg;transplant;1;0.6671;103.6987;112.2105;1.082
splicing_connectors;gap_maha;transplant;2;0.923;20.0737;26.1215;1.301
splicing_connectors;meansub;transplant;2;0.5285;26.0541;26.039;0.999
splicing_connectors;padim;transplant;2;0.5065;26.3745;26.0944;0.989
splicing_connectors;patchcore;transplant;2;0.4899;82.4112;82.3209;0.999
splicing_connectors;pcreg;transplant;2;0.756;103.6987;118.0563;1.138
splicing_connectors;gap_maha;transplant;3;0.9641;20.0737;29.1827;1.454
splicing_connectors;meansub;transplant;3;0.591;26.0541;26.796;1.028
splicing_connectors;padim;transplant;3;0.5583;26.3745;26.7585;1.015
splicing_connectors;patchcore;transplant;3;0.5075;82.4112;82.4338;1.0
splicing_connectors;pcreg;transplant;3;0.8184;103.6987;122.6758;1.183
