timestamp;backbone;category;auroc_combined;auroc_logical;auroc_structural;n_train;n_test_good;n_test_logical;n_test_structural;feature_dim;grid_size;pca_dim;inference_time_s
2026-02-27T12:28:31.149802;dinov3_L;breakfast_box;0.8303;0.8953;0.7704;351;102;83;90;1024;28;256;124.8
2026-02-27T12:30:33.193971;dinov3_L;juice_bottle;0.9506;0.9583;0.9390;335;94;142;94;1024;28;256;122.0
2026-02-27T12:32:32.763685;dinov3_L;pushpins;0.7010;0.6812;0.7233;372;138;91;81;1024;28;256;119.6
2026-02-27T12:34:30.688128;dinov3_L;screw_bag;0.7382;0.6784;0.8381;360;122;137;82;1024;28;256;117.9
2026-02-27T12:36:30.541098;dinov3_L;splicing_connectors;0.7958;0.8207;0.7641;360;119;108;85;1024;28;256;119.9
2026-02-27T12:38:20.360648;dinov3_B;breakfast_box;0.6825;0.7353;0.6339;351;102;83;90;768;28;256;109.8
2026-02-27T12:40:11.546798;dinov3_B;juice_bottle;0.8217;0.8440;0.7879;335;94;142;94;768;28;256;111.2
2026-02-27T12:42:06.029863;dinov3_B;pushpins;0.6046;0.5204;0.6991;372;138;91;81;768;28;256;114.5
2026-02-27T12:44:01.845147;dinov3_B;screw_bag;0.8490;0.8152;0.9054;360;122;137;82;768;28;256;115.8
2026-02-27T12:45:52.413497;dinov3_B;splicing_connectors;0.6874;0.7035;0.6670;360;119;108;85;768;28;256;110.6
2026-02-27T12:47:56.742679;ijepa_H16;breakfast_box;0.7832;0.8584;0.7139;351;102;83;90;1280;28;256;124.3
2026-02-27T12:49:57.124309;ijepa_H16;juice_bottle;0.8310;0.8826;0.7531;335;94;142;94;1280;28;256;120.4
2026-02-27T12:51:57.941399;ijepa_H16;pushpins;0.5931;0.5538;0.6372;372;138;91;81;1280;28;256;120.8
2026-02-27T12:54:00.985341;ijepa_H16;screw_bag;0.6451;0.6116;0.7009;360;122;137;82;1280;28;256;123.0
2026-02-27T12:56:01.927802;ijepa_H16;splicing_connectors;0.6752;0.7600;0.5674;360;119;108;85;1280;28;256;120.9
