timestamp;category;config;seed;auroc_combined;auroc_logical;auroc_structural;n_train;n_test_good;n_test_logical;n_test_structural;inference_time_s
2026-02-26T07:45:28.525980;breakfast_box;R3_lam0.1_max;0;0.7434;0.7489;0.7383;351;102;83;90;195.5
2026-02-26T07:47:05.125717;breakfast_box;R3_lam1.0_max;0;0.7245;0.7348;0.7149;351;102;83;90;96.6
2026-02-26T08:08:06.640742;breakfast_box;R3_lam10_max;0;0.6776;0.6975;0.6593;351;102;83;90;1261.5
2026-02-26T08:11:16.610638;breakfast_box;R5_lam0.1_max;0;0.7492;0.7695;0.7305;351;102;83;90;190.0
2026-02-26T08:14:21.137470;breakfast_box;R5_lam1.0_max;0;0.7295;0.7506;0.7100;351;102;83;90;184.5
2026-02-26T08:17:28.404841;breakfast_box;R5_lam10_max;0;0.6709;0.6944;0.6492;351;102;83;90;187.3
2026-02-26T08:20:54.420751;breakfast_box;R3_lam1.0_p95;0;0.8308;0.8677;0.7967;351;102;83;90;206.0
2026-02-26T08:24:10.788868;breakfast_box;R5_lam1.0_p95;0;0.8303;0.8951;0.7705;351;102;83;90;196.4
2026-02-26T08:54:45.273053;breakfast_box;R3_lam0.1_max;1;0.7434;0.7489;0.7383;351;102;83;90;411.0
2026-02-26T08:58:49.143036;breakfast_box;R3_lam1.0_max;1;0.7245;0.7348;0.7149;351;102;83;90;243.9
2026-02-26T09:00:25.443656;breakfast_box;R3_lam10_max;1;0.6776;0.6975;0.6593;351;102;83;90;96.3
2026-02-26T09:02:05.037266;breakfast_box;R5_lam0.1_max;1;0.7492;0.7695;0.7305;351;102;83;90;99.6
2026-02-26T09:03:45.820953;breakfast_box;R5_lam1.0_max;1;0.7295;0.7506;0.7100;351;102;83;90;100.8
2026-02-26T09:05:28.525173;breakfast_box;R5_lam10_max;1;0.6709;0.6944;0.6492;351;102;83;90;102.7
2026-02-26T09:06:50.354688;breakfast_box;R3_lam1.0_p95;1;0.8308;0.8677;0.7967;351;102;83;90;81.8
2026-02-26T09:08:26.146926;breakfast_box;R5_lam1.0_p95;1;0.8303;0.8951;0.7705;351;102;83;90;95.8
2026-02-26T09:10:01.450464;juice_bottle;R3_lam0.1_max;0;0.8902;0.8884;0.8929;335;94;142;94;84.5
2026-02-26T09:11:32.465375;juice_bottle;R3_lam1.0_max;0;0.8857;0.8830;0.8899;335;94;142;94;91.0
2026-02-26T09:12:58.017548;juice_bottle;R3_lam10_max;0;0.8759;0.8698;0.8850;335;94;142;94;85.6
2026-02-26T09:14:38.936257;juice_bottle;R5_lam0.1_max;0;0.8819;0.8911;0.8679;335;94;142;94;100.9
2026-02-26T09:16:12.982805;juice_bottle;R5_lam1.0_max;0;0.8732;0.8729;0.8737;335;94;142;94;94.0
2026-02-26T09:17:51.027318;juice_bottle;R5_lam10_max;0;0.8664;0.8618;0.8734;335;94;142;94;98.0
2026-02-26T09:19:42.937627;juice_bottle;R3_lam1.0_p95;0;0.9494;0.9508;0.9474;335;94;142;94;111.9
2026-02-26T09:29:22.638926;juice_bottle;R5_lam1.0_p95;0;0.9505;0.9583;0.9388;335;94;142;94;579.7
2026-02-26T09:31:16.937829;juice_bottle;R3_lam0.1_max;1;0.8902;0.8884;0.8929;335;94;142;94;114.3
2026-02-26T09:33:25.161312;juice_bottle;R3_lam1.0_max;1;0.8857;0.8830;0.8899;335;94;142;94;128.2
2026-02-26T09:35:21.642682;juice_bottle;R3_lam10_max;1;0.8759;0.8698;0.8850;335;94;142;94;116.5
2026-02-26T09:40:38.980219;juice_bottle;R5_lam0.1_max;1;0.8819;0.8911;0.8679;335;94;142;94;317.3
2026-02-26T09:42:41.486363;juice_bottle;R5_lam1.0_max;1;0.8732;0.8729;0.8737;335;94;142;94;122.5
2026-02-26T09:45:25.298573;juice_bottle;R5_lam10_max;1;0.8664;0.8618;0.8734;335;94;142;94;163.8
2026-02-26T09:47:05.434484;juice_bottle;R3_lam1.0_p95;1;0.9494;0.9508;0.9474;335;94;142;94;100.1
2026-02-26T09:51:51.330080;juice_bottle;R5_lam1.0_p95;1;0.9505;0.9583;0.9388;335;94;142;94;285.9
2026-02-26T09:54:15.167779;pushpins;R3_lam0.1_max;0;0.5626;0.5075;0.6244;372;138;91;81;128.6
2026-02-26T09:56:25.285574;pushpins;R3_lam1.0_max;0;0.5555;0.4939;0.6247;372;138;91;81;130.1
2026-02-26T09:58:32.953209;pushpins;R3_lam10_max;0;0.5403;0.4626;0.6276;372;138;91;81;127.7
2026-02-26T10:01:11.268523;pushpins;R5_lam0.1_max;0;0.5575;0.5087;0.6123;372;138;91;81;158.3
2026-02-26T10:03:20.839040;pushpins;R5_lam1.0_max;0;0.5488;0.4916;0.6130;372;138;91;81;129.6
2026-02-26T10:05:49.447343;pushpins;R5_lam10_max;0;0.5364;0.4651;0.6164;372;138;91;81;148.6
2026-02-26T10:08:00.089015;pushpins;R3_lam1.0_p95;0;0.7048;0.6611;0.7539;372;138;91;81;130.6
2026-02-26T10:10:44.094263;pushpins;R5_lam1.0_p95;0;0.7010;0.6811;0.7234;372;138;91;81;164.0
2026-02-26T10:12:36.141037;pushpins;R3_lam0.1_max;1;0.5626;0.5075;0.6244;372;138;91;81;112.0
2026-02-26T10:14:28.911692;pushpins;R3_lam1.0_max;1;0.5555;0.4939;0.6247;372;138;91;81;112.8
2026-02-26T10:16:26.903088;pushpins;R3_lam10_max;1;0.5403;0.4626;0.6276;372;138;91;81;118.0
2026-02-26T10:18:29.967083;pushpins;R5_lam0.1_max;1;0.5575;0.5087;0.6123;372;138;91;81;123.1
2026-02-26T10:20:41.550651;pushpins;R5_lam1.0_max;1;0.5488;0.4916;0.6130;372;138;91;81;131.6
2026-02-26T10:23:32.018277;pushpins;R5_lam10_max;1;0.5364;0.4651;0.6164;372;138;91;81;170.5
2026-02-26T10:25:20.025183;pushpins;R3_lam1.0_p95;1;0.7048;0.6611;0.7539;372;138;91;81;108.0
2026-02-26T10:27:24.280639;pushpins;R5_lam1.0_p95;1;0.7010;0.6811;0.7234;372;138;91;81;124.3
2026-02-26T10:29:22.091450;screw_bag;R3_lam0.1_max;0;0.6788;0.6790;0.6784;360;122;137;82;104.6
2026-02-26T10:31:13.526839;screw_bag;R3_lam1.0_max;0;0.6822;0.6801;0.6856;360;122;137;82;111.4
2026-02-26T10:33:02.715474;screw_bag;R3_lam10_max;0;0.6793;0.6663;0.7010;360;122;137;82;109.2
2026-02-26T10:35:33.341499;screw_bag;R5_lam0.1_max;0;0.7102;0.7129;0.7057;360;122;137;82;150.6
2026-02-26T10:55:46.918100;screw_bag;R5_lam1.0_max;0;0.7041;0.7043;0.7037;360;122;137;82;1213.6
2026-02-26T11:00:25.782501;screw_bag;R5_lam10_max;0;0.6937;0.6843;0.7093;360;122;137;82;278.9
2026-02-26T11:02:06.639247;screw_bag;R3_lam1.0_p95;0;0.7352;0.6742;0.8373;360;122;137;82;100.9
2026-02-26T11:04:22.955259;screw_bag;R5_lam1.0_p95;0;0.7383;0.6784;0.8384;360;122;137;82;136.3
2026-02-26T11:06:00.731477;screw_bag;R3_lam0.1_max;1;0.6788;0.6790;0.6784;360;122;137;82;97.8
2026-02-26T11:07:41.292802;screw_bag;R3_lam1.0_max;1;0.6822;0.6801;0.6856;360;122;137;82;100.6
2026-02-26T11:09:31.341169;screw_bag;R3_lam10_max;1;0.6793;0.6663;0.7010;360;122;137;82;110.0
2026-02-26T11:11:26.832003;screw_bag;R5_lam0.1_max;1;0.7102;0.7129;0.7057;360;122;137;82;115.5
2026-02-26T11:13:27.315430;screw_bag;R5_lam1.0_max;1;0.7041;0.7043;0.7037;360;122;137;82;120.5
2026-02-26T11:15:25.651519;screw_bag;R5_lam10_max;1;0.6937;0.6843;0.7093;360;122;137;82;118.3
2026-02-26T11:17:06.462509;screw_bag;R3_lam1.0_p95;1;0.7352;0.6742;0.8373;360;122;137;82;100.8
2026-02-26T11:19:00.175264;screw_bag;R5_lam1.0_p95;1;0.7383;0.6784;0.8384;360;122;137;82;113.7
2026-02-26T11:20:49.395059;splicing_connectors;R3_lam0.1_max;0;0.6953;0.7157;0.6695;360;119;108;85;97.8
2026-02-26T11:22:34.086566;splicing_connectors;R3_lam1.0_max;0;0.6789;0.6951;0.6584;360;119;108;85;104.7
2026-02-26T11:24:27.538208;splicing_connectors;R3_lam10_max;0;0.6436;0.6477;0.6384;360;119;108;85;113.5
2026-02-26T11:26:19.267316;splicing_connectors;R5_lam0.1_max;0;0.7011;0.7214;0.6752;360;119;108;85;111.7
2026-02-26T11:28:09.416706;splicing_connectors;R5_lam1.0_max;0;0.6725;0.6835;0.6586;360;119;108;85;110.1
2026-02-26T11:29:51.677376;splicing_connectors;R5_lam10_max;0;0.6374;0.6376;0.6372;360;119;108;85;102.3
2026-02-26T11:31:32.248684;splicing_connectors;R3_lam1.0_p95;0;0.7883;0.8048;0.7673;360;119;108;85;100.6
2026-02-26T11:33:08.135878;splicing_connectors;R5_lam1.0_p95;0;0.7957;0.8206;0.7641;360;119;108;85;95.9
2026-02-26T11:34:26.486147;splicing_connectors;R3_lam0.1_max;1;0.6953;0.7157;0.6695;360;119;108;85;78.4
2026-02-26T11:35:53.149866;splicing_connectors;R3_lam1.0_max;1;0.6789;0.6951;0.6584;360;119;108;85;86.7
2026-02-26T11:37:16.241922;splicing_connectors;R3_lam10_max;1;0.6436;0.6477;0.6384;360;119;108;85;83.1
2026-02-26T11:38:54.254575;splicing_connectors;R5_lam0.1_max;1;0.7011;0.7214;0.6752;360;119;108;85;98.0
2026-02-26T11:40:35.840221;splicing_connectors;R5_lam1.0_max;1;0.6725;0.6835;0.6586;360;119;108;85;101.6
2026-02-26T11:42:21.638887;splicing_connectors;R5_lam10_max;1;0.6374;0.6376;0.6372;360;119;108;85;105.8
2026-02-26T11:43:49.471976;splicing_connectors;R3_lam1.0_p95;1;0.7883;0.8048;0.7673;360;119;108;85;87.8
2026-02-26T11:45:23.427799;splicing_connectors;R5_lam1.0_p95;1;0.7957;0.8206;0.7641;360;119;108;85;94.0
